"","id","标题","标题链接","居室数","厅堂数","卫生间数","总面积","建造年份","居民楼总层数","小区户数","小区绿化率","物业费用","小区均价","装修","楼层分布","物业类型","产权性质","产权年限","房本年限","区","街道","小区","地址","南","南北","近地铁","车位充足","户型方正","多人关注","有电梯","价格"
"1","666dec7c2f1fc60588d8c025","通用昱祥苑 大两房 南北通透  诚心出售 价格可议 出行方便","https://shanghai.anjuke.com/prop/view/S3485409373758467",2,2,1,81,2019,20,878,30,0.9,36195,"毛坯","中层","普通住宅","动迁配套房","70年产权","未知","青浦","青浦周边","徐泾北城通用昱祥苑","尚茂路366弄","False","True","True","False","False","False","True",306
"2","666dc3702f1fc60588d88729","临地铁 高楼层采光充足 商品住宅 双卫生间 出行方便 精装修","https://shanghai.anjuke.com/prop/view/S3587646557854731",3,2,2,139,2008,18,860,38.9,2.3,127798,"精装修","高层","普通住宅","商品房住宅","70年产权","满五年","徐汇","康健","海上名邸","桂林东街28弄","False","True","True","False","False","False","False",1700
"3","666dfa7f2f1fc60588d8d414","景观房，环境优美，房型正气，闹中取静","https://shanghai.anjuke.com/prop/view/S3048629256150016",1,1,1,52,2013,34,1216,42.65,1.7,75249,"精装修","高层","普通住宅","商品房住宅","70年产权","未知","杨浦","东外滩","明月坊(杨浦)","河间路555弄","True","False","True","False","False","False","False",342
"4","666dcf462f1fc60588d88fd9","华东理工 南北通透 近地铁 商圈成熟 出行方便 中间好楼层","https://shanghai.anjuke.com/prop/view/S3478668597126148",1,1,1,43,1994,6,1440,30,0.7,58255,"精装修","中层","普通住宅","商品房住宅","未知","满五年","徐汇","华东理工","梅陇六村","梅陇六村1-74号","False","True","True","False","False","False","False",209
"5","666d2f50dacf8deaac142f83","静安新城五区1室1厅，边套全明景观房，诚意出售","https://shanghai.anjuke.com/prop/view/S3064854371998729",1,1,1,53,1997,7,1162,40,1.65,61888,"精装修","中层","普通住宅","其它","70年产权","满五年","闵行","静安新城","静安新城五区","漕宝路1467弄5区","True","False","True","False","False","False","False",349
"6","666d7f8b2f1fc60588d7e268","（新上）塘桥站地铁口，电梯房，总价低，  三楼采光好","https://shanghai.anjuke.com/prop/view/S3376311916026891",1,1,1,34,1990,6,1115,30,1.9,62376,"精装修","中层","普通住宅","商品房住宅","70年产权","满五年","浦东","塘桥","浦建小区","南泉路1350弄,浦建路83弄,南泉路1320弄","False","True","True","False","False","False","False",214
"7","666d2399dacf8deaac141754","新上好房源，近明珠，近百联，保利装修三房，满五  ，诚心出售","https://shanghai.anjuke.com/prop/view/S3266561098194949",3,2,2,97,2017,13,808,35,2.38,41535,"毛坯","高层","普通住宅","其它","70年产权","满五年","浦东","临港新城","保利蔚蓝林语(公寓住宅)","竹柏路500弄","True","False","False","True","False","False","False",335
"8","666d44bedacf8deaac14593b","必看好房 双轨交汇  精装小两房 拎包入住 价可谈 看房方便","https://shanghai.anjuke.com/prop/view/S3160844119515144",2,2,1,86,2006,6,648,46,1.2,48730,"精装修","中层","普通住宅","商品房住宅","70年产权","满五年","闵行","老闵行","京浦花园","沧源路755弄1-125号单","False","True","True","False","False","False","False",450
"9","666daaa32f1fc60588d84b2e","冬日的阳光   暖人心 新上一房可改两房 全屋精装","https://shanghai.anjuke.com/prop/view/S3287130540088322",1,1,1,58,2006,6,3676,40,0.57,32323,"精装修","高层","普通住宅","商品房住宅","70年产权","未知","松江","泗泾","新凯家园(一期)","古楼公路1858弄","True","False","True","False","False","False","False",225
"10","666d3246dacf8deaac143541","交通便捷 环境优美 近地铁 南北通透 正规商品房 中间楼层","https://shanghai.anjuke.com/prop/view/S3563744406577159",2,2,1,90,2010,6,1378,46,0.45,56540,"精装修","中层","普通住宅","商品房住宅","未知","未知","浦东","张江","玉兰香苑(三期)","盛夏路1107弄","False","True","True","False","False","False","False",435
"11","666db6e02f1fc60588d8695a","单价1字头  南北通透客厅 一梯两户 看房方便 位置好","https://shanghai.anjuke.com/prop/view/S3587452149914635",2,2,1,83,1994,6,864,35,0.5,23633,"简单装修","高层","普通住宅","商品房住宅","70年产权","满五年","嘉定","嘉定城区","南苑一村","裕民路488弄","False","True","False","False","False","False","False",162
"12","666e171b2f1fc60588d8fd4d","黄浦区豫园板块次新豪宅 露香园 大平层 一梯一户 带车位","https://shanghai.anjuke.com/prop/view/S3356112933232652",4,2,4,275,2017,35,209,35,8.2,200798,"精装修","低层","普通住宅","商品房住宅","70年产权","满五年","黄浦","老西门","露香园(88弄公寓住宅)","露香园路88弄","False","True","True","True","False","False","False",4900
"13","666e22912f1fc60588d90dc8","已买急售！邻地铁！家具家电全送，看房方便","https://shanghai.anjuke.com/prop/view/S3222089866092553",3,2,2,109,2014,17,1084,35.57,1.14,34302,"精装修","中层","普通住宅","商品房住宅","70年产权","满五年","青浦","赵巷","崧泽华城秀景苑(二期)","崧润路1028弄","False","True","True","False","False","False","False",336
"14","666dc59d2f1fc60588d88c0c","美罗家园金丰苑  居民区 带电梯 满五 小区新 正南朝向罗店","https://shanghai.anjuke.com/prop/view/S3522377649806342",2,2,1,78,2015,18,1632,35,1.41,25453,"简单装修","低层","普通住宅","商品房住宅","未知","满五年","宝山","罗店","美罗家园金丰苑第一居民区","美康路818弄1-21号","True","False","False","False","False","False","False",178
"15","666db9b82f1fc60588d870eb","73平 满五  住房 西村小区 精装修 房东 诚意出售","https://shanghai.anjuke.com/prop/view/S3587748145881090",3,1,1,73,1996,6,492,28,0.5,25367,"精装修","低层","普通住宅","商品房住宅","70年产权","满五年","嘉定","嘉定城区","西村小区","塔城东路495弄,塔城东路489弄,塔城东路491弄,塔城东路483-487单号,塔城东路493弄","True","False","False","False","False","False","False",191
"16","666e02b72f1fc60588d8dfdb","本价含车位,另加税双方自付,现已空置,业主诚意出,我有钥匙的","https://shanghai.anjuke.com/prop/view/S3361367287438342",3,2,2,147,2005,32,1025,54.4,2.1,108241,"精装修","高层","普通住宅","商品房住宅","70年产权","满五年","徐汇","万体馆","宏润国际花园(东区)","田东路258弄","False","True","True","False","False","False","False",1400
"17","666da1eb2f1fc60588d8360b","玉兰一村商住楼","https://shanghai.anjuke.com/prop/view/R2265650752873472",2,1,1,65,2014,6,804,30,0.5,18600,"简单装修","高层","老公房","商品房住宅","未知","未知","嘉定","安亭","玉兰一村商住楼","阜康西路19弄1-2号","False","False","False","False","False","False","False",180
"18","666d7e522f1fc60588d7df53","新上高区南北通三房！视野开阔无遮挡！房东诚售！随时看接受置换","https://shanghai.anjuke.com/prop/view/S3502622682717193",3,2,1,127,2008,15,14338,51,1.5,41408,"精装修","高层","普通住宅","商品房住宅","70年产权","满五年","闵行","莘庄南广场","上海康城","莘松路958弄","False","True","False","False","False","False","False",516
"19","666dfe062f1fc60588d8d978","江浦公园对面，挑空复式带送独用露台，一梯两户南北通户型","https://shanghai.anjuke.com/prop/view/S3354765208574991",3,2,2,134,1997,5,368,38,1.25,68883,"简单装修","未知","普通住宅","商品房住宅","70年产权","未知","杨浦","东外滩","万登花苑","江浦路740弄","False","True","True","False","False","False","False",998
"20","666e066f2f1fc60588d8e52a","新出海天叠翠，挑空客厅，花园1500平米，看房有钥匙","https://shanghai.anjuke.com/prop/view/S3505157529330691",4,3,4,321,2008,2,145,64,3,86804,"精装修","全层","别墅","商品房住宅","70年产权","满五年","青浦","徐泾","海天花园(叠翠别墅)","沪青平公路1481弄","False","True","False","False","False","False","False",2780
"21","666d91612f1fc60588d80e2d","瑞士花园必看三房丨有钥匙丨带车位丨花园位置丨品质社区","https://shanghai.anjuke.com/prop/view/S3494298211426312",3,2,2,149,2008,16,1491,60,2.8,122308,"精装修","低层","普通住宅","商品房住宅","70年产权","满五年","浦东","金杨新村","金桥瑞仕花园","枣庄路399弄","False","True","False","False","False","False","False",1450
"22","666dd4862f1fc60588d899c6","6.21 公安大楼(四 一 六） 过户清场一条龙服务","https://shanghai.anjuke.com/prop/view/S3484138394279936",1,1,1,53,1992,32,864,40,0.5,102195,"精装修","高层","普通住宅","商品房住宅","70年产权","满五年","徐汇","徐家汇","吴兴路公安大楼(徐汇)","吴兴路270弄","False","True","True","False","False","False","False",510
"23","666d2c4adacf8deaac142960","鹤沙航城和美苑 产权清晰  楼龄新 带电梯钥匙 一房可改两房","https://shanghai.anjuke.com/prop/view/S3479899756404739",1,1,1,70,2016,11,908,30,1,32022,"毛坯","高层","普通住宅","商品房住宅","70年产权","满五年","浦东","航头","鹤沙航城和美苑","航绣路50弄1-35号","False","True","True","False","True","False","False",210
"24","666ddde22f1fc60588d8aa6a","（壹百二拾伍万可成交) 宝通家园 中间楼层 毛坯大两房 满五","https://shanghai.anjuke.com/prop/view/S3049494416121868",2,2,1,80,2008,6,1507,25,1.2,17063,"毛坯","低层","普通住宅","商品房住宅","未知","满五年","宝山","罗泾","宝通家园","潘新路118弄","True","False","False","False","True","False","False",137
"25","666f287f78fe02f6bf54e390","主卧朝南，一梯三户，交通便利，采光充足，小户型","https://shanghai.anjuke.com/prop/view/S3121274707959809",1,1,1,53,1998,6,876,35,0.6,50581,"精装修","高层","普通住宅","商品房住宅","未知","未知","浦东","金桥","金藤苑","五莲路780弄","False","False","True","False","False","False","False",250
"26","666d3930dacf8deaac1442ce","急售（欢迎咨询底价 大刀砍）陆家嘴北滨江豪宅区 双轨交通","https://shanghai.anjuke.com/prop/view/S3141596554862597",2,2,1,115,2003,23,253,40,2.7,74845,"精装修","高层","普通住宅","商品房住宅","70年产权","满五年","浦东","陆家嘴","VIP大厦","浦东大道727弄","False","True","True","True","False","False","False",780
"27","666d4c87dacf8deaac1466ff","上南十村，精装修，全明户型，可改两房，一梯三户，周边生活便利","https://shanghai.anjuke.com/prop/view/S3448507531748361",1,1,1,44,1994,6,2368,28,0.6,55991,"精装修","低层","普通住宅","商品房住宅","70年产权","满五年","浦东","上南","上南十村","成山路300弄,成山路350弄,洪山路301弄","False","True","True","False","False","True","False",222
"28","666df9362f1fc60588d8d26e","店长  ！本人实勘（保真）价格可大刀！边套南北通，采光无遮挡","https://shanghai.anjuke.com/prop/view/S3511251884285956",1,1,1,41,1983,6,1968,35,0.6,61207,"精装修","中层","普通住宅","商品房住宅","70年产权","满五年","普陀","长风","长风馨苑","长风二村1-71号","False","True","True","False","False","False","False",240
"29","666d6f512f1fc60588d7bc0b","业主急售！近地铁800米，南北通透采光好，满五年，有钥匙","https://shanghai.anjuke.com/prop/view/S3498306675318795",3,2,1,102,2004,5,2074,35,2,33080,"精装修","未知","普通住宅","商品房住宅","70年产权","满五年","浦东","惠南","金地城(公寓住宅)","靖海路547弄","True","False","True","False","False","False","False",253
"30","666d75842f1fc60588d7c994","送6W电梯使用权！送15W精装修。房东怒让50W,只求一卖！","https://shanghai.anjuke.com/prop/view/S3049273450243087",2,1,1,61,1996,6,2808,30,0.58,56683,"精装修","高层","普通住宅","商品房住宅","70年产权","满五年","闵行","龙柏金汇","龙柏三村","龙柏三村1-242号","True","False","True","False","False","False","False",330
"31","666dd0332f1fc60588d89193","地铁口洋房 装修好 交通便捷 小区新 南北通透 带电梯急售","https://shanghai.anjuke.com/prop/view/S3210842511858701",4,2,2,139,2014,6,1150,35,2.7,35856,"精装修","中层","普通住宅","商品房住宅","70年产权","满五年","青浦","青浦新城","中铁逸都(二期)","外青松公路6161弄","False","True","True","False","False","False","False",410
"32","666d737d2f1fc60588d7c559","兰城小区 精装修 拎包入住 预约看房","https://shanghai.anjuke.com/prop/view/S3510800263404549",2,1,1,66,1997,6,738,26,0.8,61875,"精装修","低层","普通住宅","商品房住宅","未知","未知","浦东","金桥","兰城小区","兰城路108弄","True","False","True","False","False","False","False",410
"33","666d8ef82f1fc60588d8083c","两室户，满足您价格的需求，同时也能满足急在上海阅读的需求","https://shanghai.anjuke.com/prop/view/S3067803261133826",2,1,1,50,1995,6,1486,32,0.5,65379,"精装修","高层","普通住宅","商品房住宅","70年产权","满五年","闵行","莘庄北广场","莘松三村","莘沥路363弄","False","True","True","False","False","False","False",285
"34","666d91b92f1fc60588d80edd","华亭公寓东边套，花园300平方，南北通透，看房方便","https://shanghai.anjuke.com/prop/view/S3542339545144325",2,2,1,99,2005,14,1338,38,1.5,41866,"精装修","中层","普通住宅","商品房住宅","未知","满五年","松江","松江新城","华亭首府(公寓住宅)","文诚路2000弄","False","True","False","False","False","False","False",380
"35","666dc5662f1fc60588d88b87","莱顿小城4室3厅2卫精装修,满五  房东直卖房东直卖","https://shanghai.anjuke.com/prop/view/R3478348956886024",4,3,2,172,2010,18,2885,70,1.78,47803,"精装修","低层","普通住宅","商品房住宅","未知","未知","松江","松江大学城","莱顿小城","辰花路839弄","False","False","False","False","False","False","False",820
"36","666d7da22f1fc60588d7dd97","松江老城 装修好 产权清晰 楼层好 南北通透 购物方便","https://shanghai.anjuke.com/prop/view/S3162855921572876",2,2,1,60,2009,6,2196,30,1.8,33103,"精装修","中层","普通住宅","商品房住宅","未知","未知","松江","松江老城","华亭新家银杏苑","乐都西路1455弄","False","True","False","False","False","False","False",200
"37","666d2348dacf8deaac14169f","近世纪大道  福外 建平西 中间楼层 接受置换 满五少税","https://shanghai.anjuke.com/prop/view/S3254777008168974",1,1,1,30,1990,6,2807,28,0.85,113941,"精装修","中层","普通住宅","商品房住宅","70年产权","满五年","浦东","八佰伴","梅园三街坊","商城路1025弄,商城路991弄,乳山路130弄,乳山路138弄,乳山路160弄","True","False","True","False","False","False","False",320
"38","666d49d1dacf8deaac1462db","电梯已成，20W精装修，满五，诚售房！花园位置，有固定车位！","https://shanghai.anjuke.com/prop/view/S3371045841722380",1,0,1,36,1999,6,1039,25,0.6,84173,"豪华装修","高层","普通住宅","商品房住宅","70年产权","满五年","浦东","洋泾","巨东小区","羽山路801弄,张杨路1776弄,苗圃路463弄,巨野路469弄","True","False","True","False","False","False","False",280
"39","666de1812f1fc60588d8afc3","价格可谈，翔华新村，楼层好，满五年，一梯两户，诚心出售","https://shanghai.anjuke.com/prop/view/S3454277827714057",2,1,1,72,1995,6,977,34,1.1,34457,"简单装修","低层","普通住宅","其它","70年产权","满五年","嘉定","南翔","翔华新村","火车站路118弄","True","False","False","False","False","False","False",230
"40","666da40e2f1fc60588d83b2d","微聊价格有惊喜 手慢拍大腿 泗泾  王 所见即所得 真实","https://shanghai.anjuke.com/prop/view/S3583599710034959",2,1,1,90,2012,25,3290,35,0.7,33460,"精装修","低层","普通住宅","动迁配套房","70年产权","满五年","松江","泗泾","润江花苑","古楼公路656弄","False","True","True","False","True","False","False",234
"41","666d95a92f1fc60588d8184a","万立城399弄景观房 南北通透 满五年 诚售 高楼层","https://shanghai.anjuke.com/prop/view/S3305803767537679",2,2,1,89,2016,18,1110,30,2.25,35777,"精装修","高层","普通住宅","商品房住宅","70年产权","满五年","嘉定","安亭","万立城(公寓住宅)","塔山路452弄,塔山路455弄,塔山路398弄塔山路399弄","False","True","True","False","False","False","False",288
"42","666e04592f1fc60588d8e215","新笋盘！徐泾地铁2号线旁，业主急售，满五年  ，钥匙房，急售","https://shanghai.anjuke.com/prop/view/S3049243623709703",4,2,3,185,2003,3,69,55,0.5,45170,"简单装修","全层","别墅","商品房住宅","70年产权","满五年","青浦","徐泾","西郊名邸(858弄)","徐泾中路858弄","False","True","False","False","False","False","False",890
"43","666db1b42f1fc60588d85c30","通河二村 商圈成熟 正南朝向 满五   精装好房","https://shanghai.anjuke.com/prop/view/S3475436031450124",2,1,1,55,1992,6,4224,38,0.4,42723,"精装修","高层","普通住宅","商品房住宅","未知","满五年","宝山","通河新村","通河二村","通河二村1-156号","True","False","True","False","False","True","False",199
"44","666dda862f1fc60588d8a532","新上！毓秀九年！精装有车位！可置换！楼层好 位置好看房方便","https://shanghai.anjuke.com/prop/view/S3509850807952387",4,2,2,138,2009,18,821,60,1.5,33685,"精装修","中层","普通住宅","商品房住宅","70年产权","满五年","青浦","青浦新城","公园大观吉富绅花园","公园东路1688弄","False","True","True","False","False","False","False",398
"45","666d87152f1fc60588d7f499","老客户再次委托2005年南北通飞机户型，居中位置，带车位","https://shanghai.anjuke.com/prop/view/S3537677344676869",3,2,1,101,2005,6,288,35,0.5,52533,"精装修","低层","普通住宅","商品房住宅","70年产权","满五年","闵行","梅陇","罗锦新苑","景福路189弄","False","True","True","False","False","False","False",570
"46","666d8ec92f1fc60588d807ac","星河湾二期新上好房 景观楼层保养好税费少 送全屋定制高档家具","https://shanghai.anjuke.com/prop/view/S3553900991308805",3,2,3,239,2015,28,955,36,4.5,84694,"精装修","低层","别墅","商品房住宅","70年产权","满五年","闵行","春申","上海星河湾(二期)","都会路3899弄","True","False","True","True","False","False","False",1790
"47","666d83ee2f1fc60588d7ed0d","业主置换急售，满五  有产权车位，精装修中心位置，近地铁口","https://shanghai.anjuke.com/prop/view/S3086098052277263",2,2,1,88,2009,14,1285,40,1.95,60586,"精装修","中层","普通住宅","商品房住宅","70年产权","满五年","浦东","唐镇","保利金爵公寓","创新西路300弄","False","True","True","False","False","False","False",505
"48","666d461cdacf8deaac145bb8","我主做梅园8年丨新上丨房东6年前跟我买进丨我有产证丨业主置换","https://shanghai.anjuke.com/prop/view/S3062458622761984",2,1,1,51,1992,6,2058,30,1,102111,"精装修","中层","普通住宅","商品房住宅","70年产权","满五年","浦东","梅园","梅园五街坊","张杨路1133弄,福山路111弄,松林路88弄,商城路1178弄","False","True","True","False","False","False","False",510
"49","666d980f2f1fc60588d81dab","绿地海域苏河源(一期公寓住宅) 停车方便 精装好房 近地铁","https://shanghai.anjuke.com/prop/view/S3355756902308877",2,2,1,115,2015,27,1189,35,2.8,40624,"精装修","高层","普通住宅","商品房住宅","70年产权","满五年","嘉定","安亭","绿地海域苏河源(一期公寓住宅)","博园路8085弄","True","False","True","False","False","False","False",410
"50","666dfcac2f1fc60588d8d76e","海伦堡爱ME城市 南北通透 带电梯 小区新 精装可拎包入住","https://shanghai.anjuke.com/prop/view/S3189749261935623",1,1,1,60,2018,31,2282,30,0.9,31492,"精装修","中层","公寓","商住两用","50年产权","满五年","嘉定","南翔","海伦堡爱ME城市","众仁南路79弄","False","True","True","False","True","False","False",115
"51","666d8a852f1fc60588d7fd08","全权委托！带地下车库！赠储藏间，业主急抛！看房随时","https://shanghai.anjuke.com/prop/view/S3290009042213896",2,2,1,81,2012,11,817,36,1.8,40294,"精装修","高层","普通住宅","商品房住宅","70年产权","满五年","松江","松江新城","绿地云峰名邸","文宇路88弄","False","True","False","False","True","False","False",298
"52","666ed5a7645d03ce6353af67","临地铁14号线 一线江景  精装大两房 环境优美配套齐全","https://shanghai.anjuke.com/prop/view/S3192687754108931",2,2,2,125,2009,24,168,10,2.5,48929,"精装修","高层","公寓","商住两用","50年产权","满五年","浦东","洋泾","龙珠公寓","歇浦路288号","True","False","True","False","False","False","False",620
"53","666dc5bd2f1fc60588d88c6d","全明户型（保真可看）（主营江桥房源）（点击咨询业主价格）","https://shanghai.anjuke.com/prop/view/S3264729463563274",1,2,1,53,2011,6,1575,35,1.26,46818,"精装修","低层","普通住宅","商品房住宅","70年产权","满五年","嘉定","江桥新城","金沙缘圆宝邸","金园一路1359弄1-69号","False","True","True","False","False","False","False",220
"54","666dd0292f1fc60588d89177","一手委托 全权代理 房东出国急售 钥匙在手随时看房","https://shanghai.anjuke.com/prop/view/S3437625733013514",3,1,1,59,1994,6,394,35,0.8,53964,"精装修","高层","普通住宅","商品房住宅","70年产权","满五年","徐汇","华东理工","化工二三村(201-253号)","化工二村201-253号","False","True","True","False","False","False","False",320
"55","666db25f2f1fc60588d85de7","次新小区业主诚意出售定金即可交房~周边商业配套齐全","https://shanghai.anjuke.com/prop/view/S3459070754774016",1,1,1,98,2019,12,816,30,0.9,31311,"精装修","高层","普通住宅","商品房住宅","70年产权","满五年","宝山","顾村","罗青湾新苑","顾北路39弄","False","True","False","False","False","False","False",295
"56","666dea992f1fc60588d8bd67","精装修，南北通，高区采光好，满五  ，送产权车位，价格可谈","https://shanghai.anjuke.com/prop/view/S3516621863690245",2,2,1,87,2011,21,919,36.1,2.7,49017,"精装修","高层","普通住宅","商品房住宅","70年产权","满五年","嘉定","南翔","上隽嘉苑(公寓住宅)","宝翔路998弄","False","True","True","False","False","False","False",376
"57","666d95a02f1fc60588d81830","广润苑简装两房出售，小区中心花园位置，中间楼层，看房随时","https://shanghai.anjuke.com/prop/view/S3491474558671881",2,2,1,84,2011,11,2909,40,1.12,44599,"简单装修","中层","普通住宅","动迁配套房","70年产权","满五年","闵行","颛桥","广润苑","春都路88弄","True","False","True","False","False","False","False",338
"58","666d76ac2f1fc60588d7cc2c","大唐一期高区南北通4房 满五年买进价高 看房有钥匙","https://shanghai.anjuke.com/prop/view/S3092010079921157",4,2,2,166,2003,18,842,44,2.15,113718,"精装修","高层","普通住宅","商品房住宅","70年产权","满五年","浦东","世纪公园","大唐盛世花园(一期)","白杨路199弄","False","True","True","False","False","False","False",1620
"59","666dc1b32f1fc60588d88352","华亭佳苑2室2厅1卫带地下室带30平小院送花园送地下室","https://shanghai.anjuke.com/prop/view/R2715140771734536",2,2,1,69,2011.5,6,1986,35,0.8,15700,"豪华装修","低层","普通住宅","商品房住宅","未知","满二年","嘉定","嘉定城区","华亭佳苑","华旺路888弄","False","False","False","False","False","False","False",178
"60","666e14202f1fc60588d8f916","New price cuts极高性价比 速看","https://shanghai.anjuke.com/prop/view/S3534897246560260",2,2,1,97,2010,24,1688,52,2.28,97916,"精装修","低层","普通住宅","商品房住宅","70年产权","满五年","杨浦","江浦路","宝地东花园","唐山路1099弄,唐山路1188弄","False","True","True","False","False","False","False",860
"61","666db1f42f1fc60588d85cc2","怒亏40W 110买70卖 上下2个卫生间 复式公寓！近地铁","https://shanghai.anjuke.com/prop/view/S3458471732339720",2,2,2,56,2016,11,801,35,3.9,16068,"精装修","高层","公寓","商住两用","50年产权","满五年","嘉定","嘉定城区","魔方社区","民悦街11弄","True","False","True","False","False","True","False",75
"62","666debc92f1fc60588d8bf1a","桂花园 视野开阔 商业配套成熟 价格可议 有车位","https://shanghai.anjuke.com/prop/view/R3325547437841418",2,1,1,60,2001.5,6,1439,30,0.8,25312,"精装修","高层","普通住宅","商品房住宅","未知","未知","青浦","青浦新城","桂花园(公寓住宅)","沪青平公路4555弄,青湖路1070弄,外青松公路6277弄","False","False","False","False","False","False","False",212
"63","666d561edacf8deaac147939","经济实惠小2房 看房随时急卖 本店还有很多类似房源可供选择","https://shanghai.anjuke.com/prop/view/S3586324988060674",2,1,1,60,2004,6,1256,20,0.65,35678,"精装修","低层","普通住宅","商品房住宅","70年产权","满五年","闵行","老闵行","银春小区一村二街坊","灯辉路501弄","False","True","True","False","False","False","False",190
"64","666d7cca2f1fc60588d7db7e","思凡南苑 实图   房东急售 价格好谈 南北通透 看房方便","https://shanghai.anjuke.com/prop/view/S3466823080353798",2,1,1,75,2007,6,677,30,1.2,28447,"毛坯","高层","普通住宅","商品房住宅","70年产权","满五年","浦东","祝桥","思凡南苑(东区)","施湾三路1105弄","False","True","False","False","True","False","False",190
"65","666d830c2f1fc60588d7eaff","近地铁，8米面宽，高区楼层，普通住宅，赠送车位，价格空间大","https://shanghai.anjuke.com/prop/view/S3565986966511626",2,2,2,107,2010,14,14338,51,1.5,41408,"精装修","高层","普通住宅","商品房住宅","70年产权","满五年","闵行","莘庄南广场","上海康城","莘松路958弄","False","True","False","False","False","False","False",370
"66","666daef02f1fc60588d8556e","宏港苑(285弄)2室2厅1卫好楼层自己住 保护得很好好楼层","https://shanghai.anjuke.com/prop/view/R3014474617318411",2,2,1,96,2009,5,1269,30,0.6,17215,"精装修","未知","普通住宅","商品房住宅","未知","未知","浦东","老港","宏港苑(285弄)","建中路285弄","False","False","False","False","False","False","False",168
"67","666d9bcc2f1fc60588d826b6","副总力荐！西边套带中庭套内350平！全屋中空带地暖！接受置换","https://shanghai.anjuke.com/prop/view/S3269491364600834",3,2,3,219,2013,3,220,60,2.4,49730,"精装修","全层","别墅","商品房住宅","70年产权","满五年","松江","莘闵","同润别庄加州(别墅)","新南路501弄","False","True","False","False","False","True","False",680
"68","666d664fdacf8deaac14999d","一梯两户，小区必看两房，紧靠轨交高科西路站，楼层开窗见绿","https://shanghai.anjuke.com/prop/view/S3049479666752512",2,2,1,80,2003,6,210,30,1.25,74107,"精装修","中层","普通住宅","商品房住宅","70年产权","满五年","浦东","世博滨江","博文家园","南码头路1120弄","False","True","True","True","False","False","False",560
"69","666dd0182f1fc60588d89159","地铁口全明两房，南北通透，性价比好房，精装修全送，拎包入住","https://shanghai.anjuke.com/prop/view/S3471815127278604",2,2,1,71,1997,6,1023,30,0.6,31452,"精装修","中层","普通住宅","商品房住宅","70年产权","满五年","青浦","青浦新城","怡田小区","界泾港新村37-70号","False","True","True","False","False","False","False",166
"70","666e0e422f1fc60588d8f07b","苏州河畔景观房，精装全送，附送产权车位，价格可谈，随时看房","https://shanghai.anjuke.com/prop/view/S3296182054329347",3,2,1,124,2004,34,848,50,1.95,82334,"精装修","高层","普通住宅","商品房住宅","70年产权","满五年","普陀","长寿路","秋水云庐","长寿路28弄","False","True","True","False","False","False","False",1020
"71","666d2283dacf8deaac141504","满五   南北通透 3室2厅 宜浩佳园","https://shanghai.anjuke.com/prop/view/S3455937825661960",3,2,1,82,2013,4,5592,35.6,0.99,22156,"简单装修","未知","普通住宅","商品房住宅","未知","满五年","浦东","临港新城","宜浩佳园","竹柏路100弄,竹柏路366弄,竹柏路111弄,竹柏路333弄","False","True","False","False","False","False","False",205
"72","666d4231dacf8deaac145451","房东诚意出售！精装一改二！个人  代理！看房单线联系！","https://shanghai.anjuke.com/prop/view/S3184375648903183",2,1,1,50,2012,18,2760,30,1.06,41002,"精装修","低层","普通住宅","商品房住宅","未知","满五年","浦东","曹路","中虹家园","海鸣路98弄","True","False","True","False","False","False","False",250
"73","666db4002f1fc60588d8621c","新城香溢都荟 满五   房东自住 带车位","https://shanghai.anjuke.com/prop/view/S3560922576478213",3,2,1,94,2016,25,474,35,2.9,36273,"精装修","高层","普通住宅","商品房住宅","70年产权","满五年","嘉定","嘉定城区","新城香溢都荟(公寓住宅)","回城南路930弄","True","False","False","True","False","False","False",359
"74","666dd7bb2f1fc60588d89fe0","带车位，徐家汇市中心精装两房抛卖，全球总代，需要买房联系我","https://shanghai.anjuke.com/prop/view/S3461345469307905",2,3,1,102,2005,30,930,40,2.3,130001,"精装修","高层","普通住宅","商品房住宅","70年产权","满五年","徐汇","徐家汇","虹桥乐庭","虹桥路666弄","False","True","True","False","False","False","False",1100
"75","666dc3282f1fc60588d8868c","本人实勘，价格好谈，14号线地铁口， 楼层好采光足，产权清晰","https://shanghai.anjuke.com/prop/view/S3451768336014342",1,1,1,47,2000,6,570,25,0.6,35110,"精装修","低层","普通住宅","商品房住宅","未知","满五年","嘉定","江桥新城","申江花苑","靖远路490弄,临潭路460弄,临潭路491弄","False","True","True","False","True","False","False",138
"76","666d97892f1fc60588d81c7b","佘北家园结香苑 满五   高楼层视野好 小区新 电梯房","https://shanghai.anjuke.com/prop/view/S3423460153041933",2,2,1,76,2018,7,768,30,1,23807,"简单装修","高层","普通住宅","动迁配套房","70年产权","满五年","松江","佘山","佘北家园结香苑","贡嘎山路825弄1-26号","False","True","False","False","False","False","False",155
"77","666d4a20dacf8deaac146363","世纪大道站梅园福外建平西 满五   梅园四街坊福沈小区","https://shanghai.anjuke.com/prop/view/S3420801133648900",1,1,1,38,1989,6,1980,35,1,98078,"精装修","低层","普通住宅","商品房住宅","70年产权","满五年","浦东","梅园","梅园四街坊(福沈小区)","商城路1028弄,张杨路951弄,福山路100弄,福山路102弄","False","True","True","False","False","False","False",400
"78","666d804b2f1fc60588d7e44a","三房满五 南北通透 精装修 低楼层 房东急置换 随时看房","https://shanghai.anjuke.com/prop/view/S3049510163473419",3,2,1,93,2014,11,2631,35,2.5,42015,"精装修","低层","普通住宅","商品房住宅","70年产权","满五年","松江","九亭","象屿品城","雪家桥路1弄","False","True","False","False","False","False","False",390
"79","666d56dbdacf8deaac147aa3","此房南北通风 户型方正 采光无遮挡 人车分流 居住舒适度高","https://shanghai.anjuke.com/prop/view/S3267956858970122",3,2,2,90,2019,14,378,35,4.2,24237,"精装修","中层","普通住宅","商品房住宅","70年产权","未知","浦东","泥城","碧桂园浦东星作(公寓住宅)","青鸟路585弄","False","True","False","True","False","False","True",200
"80","666d80162f1fc60588d7e3e8","地铁双线 南北通透  带花园 交通便捷 生活方便","https://shanghai.anjuke.com/prop/view/S3427530011026433",2,1,1,72,2004,6,1560,38,0.8,48997,"精装修","低层","普通住宅","商品房住宅","70年产权","满五年","宝山","大场","当代高邸","聚丰园路105弄,聚丰园路95弄","False","True","True","False","False","False","False",368
"81","666dda972f1fc60588d8a560","保利家园(南区)2室1厅1卫","https://shanghai.anjuke.com/prop/view/R3479962178461704",2,1,1,88,2010,18,1375,35,1.7,46235,"毛坯","高层","普通住宅","商品房住宅","未知","未知","嘉定","嘉定新城","保利家园(南区)","高台路353弄","False","False","False","False","False","False","False",460
"82","666d49eddacf8deaac146311","福外 建平 冰厂田 满五 精装 房东诚心出售 价格可议","https://shanghai.anjuke.com/prop/view/S3388024375008271",1,1,1,39,1993,6,2058,30,1,102111,"精装修","低层","普通住宅","商品房住宅","70年产权","满五年","浦东","梅园","梅园五街坊","张杨路1133弄,福山路111弄,松林路88弄,商城路1178弄","True","False","True","False","False","False","False",439
"83","666d2b79dacf8deaac1427dc","中芯花园(西区) 南向采光好 双卫格局 产权清晰 低容积","https://shanghai.anjuke.com/prop/view/S3302940329828364",3,2,2,125,2002,11,959,40,1.4,71175,"豪华装修","低层","普通住宅","商品房住宅","70年产权","未知","浦东","张江","中芯花园(西区)","青桐路18弄","True","False","True","False","False","False","False",896
"84","666d861a2f1fc60588d7f21f","大名城紫金九号 急急自住 精装修 满五V一 四开间朝南 急","https://shanghai.anjuke.com/prop/view/S3201078012224523",3,2,1,104,2018,13,928,35,6,91601,"精装修","低层","普通住宅","商品房住宅","70年产权","满五年","浦东","唐镇","大名城紫金九号","德淳路99弄","False","True","False","True","False","False","False",905
"85","666d85bd2f1fc60588d7f163","中梅苑梅花阁新出开阔三房，中心全明采光好，满五年送车位随时看","https://shanghai.anjuke.com/prop/view/S3179814127542283",3,1,1,89,2004,12,604,30,1.5,58853,"精装修","低层","普通住宅","商品房住宅","70年产权","满五年","闵行","梅陇","中梅苑梅花阁","上中西路735弄","False","True","True","False","False","False","False",500
"86","666d2871dacf8deaac142176","房东置换，装修家电全送，16号线800米，满五  ，拎包入住","https://shanghai.anjuke.com/prop/view/S3427544092385288",2,1,1,71,2014,18,1440,30,1.2,32776,"精装修","低层","普通住宅","商品房住宅","70年产权","满五年","浦东","航头","鹤沙航城汇贤雅苑","鹤永路751弄1-20号","False","True","True","False","False","True","False",225
"87","666ddbed2f1fc60588d8a7ca","双南户型  双卫格局   带车位  总价低","https://shanghai.anjuke.com/prop/view/S3565963868922889",3,2,2,93,2020,18,1244,35,1.93,34986,"精装修","高层","普通住宅","商品房住宅","70年产权","满二年","宝山","罗泾","招商主城","萧云路88弄","False","True","False","True","False","False","False",280
"88","666ec920645d03ce63539f6c","次新独栋别墅！耗资近千.万，奢华装修送400平大花园接受置换","https://shanghai.anjuke.com/prop/view/S3318923130134536",8,2,5,437,2010,3,82,40,4.51,156443,"精装修","全层","别墅","商品房住宅","70年产权","满五年","闵行","金虹桥","富宏花园(别墅)","虹梅路3131弄","True","False","True","True","False","False","False",5500
"89","666d77c12f1fc60588d7cebb","景观房 首付20%  品质小区 满五    看房方便 有钥匙","https://shanghai.anjuke.com/prop/view/S3550524486376448",3,2,1,89,2011,11,1024,45,1.72,42833,"精装修","中层","普通住宅","商品房住宅","70年产权","满五年","松江","九亭","朗庭上郡苑(公寓住宅)","朗亭路288弄","False","True","False","False","False","True","False",335
"90","666d5dbddacf8deaac14883a","真！双阳台！润景苑电梯房精装三房出售 一手动迁税少可做四房","https://shanghai.anjuke.com/prop/view/S3048461321903118",3,2,1,139,2012,6,3689,35,0.65,28233,"精装修","低层","普通住宅","商品房住宅","70年产权","满五年","松江","洞泾","润景苑(公寓住宅)","洞宁路655弄","False","True","False","False","False","False","False",370
"91","666dd0cf2f1fc60588d892a4","绿地天呈精装2房2厅2卫，大二房双卫。","https://shanghai.anjuke.com/prop/view/S3481454128405506",2,2,2,92,2018,20,1992,35,3,57400,"精装修","低层","普通住宅","商品房住宅","70年产权","满五年","嘉定","菊园新区","绿地天呈","嘉唐公路169弄","False","True","True","True","False","False","False",405
"92","666f21af78fe02f6bf54df18","带车位  满五 精装修 大两房 南北通透","https://shanghai.anjuke.com/prop/view/S3480155052514308",2,2,1,88,2012,20,640,35,2.3,30152,"精装修","低层","普通住宅","商品房住宅","70年产权","满五年","浦东","新场","丝庐雅苑(一期公寓住宅)","申江南路7777弄1-9号","False","True","True","True","False","False","False",275
"93","666dc4962f1fc60588d889a9","大学城板块 华政旁 辰富佳苑精装两房 中心位置 送车位急售","https://shanghai.anjuke.com/prop/view/S3284956320358409",2,2,1,77,2013,7,1008,30,1.78,35253,"精装修","低层","普通住宅","商品房住宅","70年产权","满五年","松江","松江大学城","辰富佳苑","广富林路3939弄","False","True","False","False","False","False","False",225
"94","666dda072f1fc60588d8a422","新鸿基地标|徐家汇高端社区|24小时管家服务|附带地下车位|","https://shanghai.anjuke.com/prop/view/S3290469239839759",1,2,1,74,1999,33,553,35,8,123433,"精装修","高层","普通住宅","商品房住宅","70年产权","满五年","徐汇","徐家汇","名仕苑","广元西路88,98,108号","False","True","True","False","False","False","False",900
"95","666e06c72f1fc60588d8e5c3","坐北朝南背靠塔尖行政公馆别墅  宝格丽 临苏州河千平大宅","https://shanghai.anjuke.com/prop/view/S3400348497765384",5,3,5,1167,2015,3,17,30,2,202265,"毛坯","未知","普通住宅","商品房住宅","未知","满五年","静安","老北站","华侨城苏河湾(别墅)","山西北路28弄","False","True","True","False","False","True","False",25600
"96","666d2818dacf8deaac1420d1","银杏新村 大虹桥社区 地铁开通在即 一房已改二房 随时看房！","https://shanghai.anjuke.com/prop/view/S3195848331125767",2,1,1,55,1994,6,1560,35,0.35,36624,"简单装修","高层","普通住宅","商品房住宅","70年产权","满五年","闵行","华漕","银杏新村","纪翟路1625弄","True","False","False","False","False","False","False",195
"97","666df6602f1fc60588d8ce6b","同进理想城 朝南高层 业主急售 看房有钥匙！通燃气水电民用！","https://shanghai.anjuke.com/prop/view/S3322556037798918",2,1,2,40,2013,9,1511,30,4.5,34721,"精装修","高层","公寓","商住两用","50年产权","满五年","普陀","桃浦","同进理想城","金通路1118弄","True","False","True","False","False","False","False",145
"98","666d91bf2f1fc60588d80eeb","边套全明3房 采光无遮挡 双花园 婚房装修送家具家电满五急售","https://shanghai.anjuke.com/prop/view/S3486785985750023",3,1,1,80,1997,6,1404,36,0.45,57140,"精装修","低层","普通住宅","商品房住宅","未知","满五年","浦东","金杨新村","罗山七村","龙居路191弄,博山东路173弄","False","True","True","False","False","False","False",440
"99","666ec547645d03ce635399c1","实地拍摄 佘北家园茸腾苑 精装 大三房 户型南北通透 好楼层","https://shanghai.anjuke.com/prop/view/S3049296690881543",3,2,1,96,2017,8,694,30,2.8,24970,"精装修","中层","普通住宅","动迁配套房","70年产权","满五年","松江","佘山","佘北家园茸腾苑","青城山路68弄","False","True","False","False","False","False","False",220
"100","666d804f2f1fc60588d7e454","新上 中心位置两房 满五税少 资金调动 诚意出售 看房随时","https://shanghai.anjuke.com/prop/view/S3388417621140495",2,2,1,57,2003,6,1296,37,0.55,61483,"精装修","中层","普通住宅","商品房住宅","70年产权","满五年","浦东","金桥","伟业金锦苑三村","东波路585弄","False","True","True","False","False","False","False",305
"101","666dcee32f1fc60588d88f26","房东急售 接受置换  正规商品房 南北通透 近地铁 满五  ","https://shanghai.anjuke.com/prop/view/S3049310099954689",1,1,1,45,2010,6,2733,30,0.6,40824,"精装修","低层","普通住宅","商品房住宅","70年产权","满五年","宝山","杨行","杨泰二村","杨鑫路200弄1-275号","False","True","True","False","False","False","False",175
"102","666da0152f1fc60588d83197","板楼 电梯房 房龄新 高楼层视野好 近地铁 精装好房","https://shanghai.anjuke.com/prop/view/S3273445121154055",3,2,1,97,2016,17,2226,40,2.6,41482,"精装修","高层","普通住宅","商品房住宅","70年产权","满五年","松江","泗泾","金地自在城(二期)","泗祥路518弄","False","True","True","False","True","False","False",340
"103","666d62bddacf8deaac149229","大一房可改一房一厅 中高楼层 近地铁出行方便","https://shanghai.anjuke.com/prop/view/S3049380252984329",1,1,1,36,1998,6,1399,38,1.2,54826,"精装修","中层","普通住宅","商品房住宅","70年产权","满五年","浦东","世博","济阳二村","耀华路500弄,西营路44弄,德州路421弄","False","True","True","False","False","False","False",225
"104","666dc5e92f1fc60588d88cc8","小区花园位置，带个大院子，送产权车位，诚意出售，价格可谈","https://shanghai.anjuke.com/prop/view/S3557923315507205",1,1,1,47,2000,6,570,25,0.6,35110,"毛坯","低层","普通住宅","动迁配套房","70年产权","满五年","嘉定","江桥新城","申江花苑","靖远路490弄,临潭路460弄,临潭路491弄","False","True","True","False","False","True","False",138
"105","666d83ee2f1fc60588d7ed0c","地铁口电梯复式 买一层得两层加送露台 各付税费 价格好谈","https://shanghai.anjuke.com/prop/view/S3069612552512522",3,2,2,92,2003,9,902,40,0.9,55648,"精装修","高层","普通住宅","商品房住宅","70年产权","满五年","宝山","大华","南华苑(82弄)","华灵路82弄","False","True","True","False","False","False","False",588
"106","666dd1602f1fc60588d893d6","24h徐汇区万体馆旁！高层视野好！送产权车位！精装修拎包入住","https://shanghai.anjuke.com/prop/view/S3428766653635587",2,2,1,85,2017,13,229,30,18,42852,"精装修","中层","普通住宅","商品房住宅","50年产权","满二年","徐汇","徐家汇","中煌大厦","中山南二路1007号","False","True","True","False","False","False","False",400
"107","666d9f9c2f1fc60588d8307d","房东已经和我定好房子了 这套诚意卖 看的中的出价 配合随时聊","https://shanghai.anjuke.com/prop/view/S3358563286440970",3,2,2,132,2014,18,2226,40,2.6,41482,"精装修","低层","普通住宅","商品房住宅","70年产权","满五年","松江","泗泾","金地自在城(二期)","泗祥路518弄","False","True","True","False","False","False","False",472
"108","666d9f382f1fc60588d82fa1","老客户委托单线联系，一口价300，有意联系","https://shanghai.anjuke.com/prop/view/S3335356711444490",2,1,1,71,1997,6,1908,30,0.45,50786,"精装修","低层","普通住宅","商品房住宅","70年产权","满五年","闵行","古美罗阳","平吉一村","平吉一村1-161号","False","True","True","False","False","False","False",350
"109","666f26f778fe02f6bf54e29b","位靠近地铁 送家具家电 拎包入住 房东直卖 价格可议 ","https://shanghai.anjuke.com/prop/view/R3486831477039118",2,2,1,66,2018,13,506,20,2,26914,"精装修","低层","公寓","商品房住宅","未知","未知","浦东","周浦","海印又一城","康达路40号,周邓公路6688弄24,25,36号","False","False","False","False","False","False","False",245
"110","666e03812f1fc60588d8e0fb","新笋！南北通带会所，出国诚售","https://shanghai.anjuke.com/prop/view/S3552495918521352",3,2,2,121,2006,25,553,43,2.5,130357,"精装修","中层","普通住宅","商品房住宅","未知","满五年","徐汇","万体馆","福源汇居","南丹东路168弄","False","True","True","False","False","False","False",1620
"111","666ec185645d03ce6353937f","接受动迁，近龙华中路地铁站，近医院，周边商业配套齐全","https://shanghai.anjuke.com/prop/view/S3310885319351305",1,1,1,51,1995,6,634,35,1.5,85140,"精装修","中层","普通住宅","商品房住宅","未知","未知","徐汇","斜土路","东安花苑","中山南二路777弄","True","False","True","False","False","False","False",428
"112","666d3f88dacf8deaac144f55","惠南 医疗配套成熟 小区新 商品房 高楼层采光充足 购物方便","https://shanghai.anjuke.com/prop/view/S3482578615410692",3,2,2,124,2018,16,2074,35,2,33080,"精装修","高层","普通住宅","商品房住宅","70年产权","满五年","浦东","惠南","金地城(公寓住宅)","靖海路547弄","False","True","True","False","False","False","False",355
"113","666db07f2f1fc60588d85948","新鲜出炉 高端小区 南北通三房 急售 高楼层视野好 近地铁","https://shanghai.anjuke.com/prop/view/S3307198661926919",3,2,2,100,2019,15,1590,35,5.6,68251,"精装修","高层","普通住宅","商品房住宅","70年产权","满五年","嘉定","江桥新城","龙湖天璞","黄家花园路998弄","False","True","True","True","False","False","False",590
"114","666d2247dacf8deaac14148c","满五年就一套  精装修 带产权车位  房东诚意出售 随时看房","https://shanghai.anjuke.com/prop/view/S3183987319758853",2,2,1,83,2017,18,4001,43,1.77,63473,"精装修","中层","普通住宅","商品房住宅","70年产权","满五年","浦东","御桥","绿洲康城亲水湾(中区)","康桥路1558弄","False","True","False","True","False","False","False",555
"115","666df7e72f1fc60588d8d081","店长力荐，老业主诚意出售，满5年买进合同价格高税少，价格好谈","https://shanghai.anjuke.com/prop/view/S3048737163582466",4,2,2,190,2008,30,1026,39,2.5,116015,"简单装修","高层","普通住宅","商品房住宅","70年产权","满五年","静安","大宁","宝华现代城(一期)","共和新路2399弄","True","False","True","False","False","False","False",2050
"116","666deeaa2f1fc60588d8c354","8号线地铁口    一室户精装修 紧邻大宁国际和大悦城商圈","https://shanghai.anjuke.com/prop/view/S3580303445728263",1,0,1,35,1989,7,436,35,0.8,62295,"精装修","高层","普通住宅","商品房住宅","70年产权","满五年","静安","西藏北路","中山北路255弄小区","中山北路255弄","False","False","True","False","False","False","False",171
"117","666e0fdc2f1fc60588d8f2c2","徐行 装修好 有电梯 高楼层视野无遮挡 满五   南北通透","https://shanghai.anjuke.com/prop/view/S3576364561849356",3,2,2,125,2012,18,1868,35,1,25297,"精装修","高层","普通住宅","商品房住宅","70年产权","满五年","嘉定","徐行","绿洲香润苑","启源路900弄1-33号","False","True","False","False","False","False","False",290
"118","666dc6592f1fc60588d88da0","双卫格局 小区新 医疗配套成熟 满二 装修好 购物方便","https://shanghai.anjuke.com/prop/view/S3566270545568783",4,1,2,49,2015,9,1621,20,3.5,31585,"精装修","低层","公寓","商住两用","50年产权","未知","嘉定","江桥新城","MAX未来","嘉涌路99弄","False","False","True","False","False","False","False",125
"119","666d6a282f1fc60588d7b330","鹤沙航城汇贤雅苑 电梯房 南北通透 临地铁 装修好 中间楼层","https://shanghai.anjuke.com/prop/view/S3456142167923712",3,1,1,83,2013,18,1440,30,1.2,32776,"精装修","中层","普通住宅","商品房住宅","70年产权","满五年","浦东","航头","鹤沙航城汇贤雅苑","鹤永路751弄1-20号","False","True","True","False","True","False","False",281
"120","666d223bdacf8deaac141475","三林  金光小区  2室  1厅","https://shanghai.anjuke.com/prop/view/S3578973771932672",2,1,1,62,1997,6,1776,35,0.35,70575,"精装修","中层","普通住宅","其它","70年产权","满五年","浦东","三林","金光小区","上南路4265弄,上南路4271弄","False","True","True","False","False","False","False",410
"121","666eb89a645d03ce6353886e","出价就卖 电梯两房 带地下车库 高区景观 精装全送 满五","https://shanghai.anjuke.com/prop/view/S3519899334238209",2,1,1,69,2011,30,1476,35,1.2,44525,"精装修","高层","普通住宅","商品房住宅","70年产权","满五年","杨浦","中原","城市方园","国伟路100弄","False","True","True","False","False","False","False",310
"122","666d4c9adacf8deaac146719","万科燕南园新上 南北通透可改四房 居家自住保养好 满五税费少","https://shanghai.anjuke.com/prop/view/S3316833433641989",3,2,2,178,2010,2,563,45,3.7,80091,"精装修","全层","别墅","商品房住宅","70年产权","满五年","闵行","老闵行","万科燕南园","景联路1111弄","False","True","True","False","False","False","False",1150
"123","666dbb912f1fc60588d875cb","复式房，顶楼房，得房率高，房型正气","https://shanghai.anjuke.com/prop/view/S3450475826405390",2,1,1,55,2006,6,2424,35,0.8,38013,"精装修","高层","普通住宅","其它","未知","未知","宝山","顾村","新顾村大家园C区","顾北东路155弄","True","False","False","False","False","False","False",172
"124","666df9a52f1fc60588d8d2f7","近医院 双卫 中间楼层 地铁旁 交通便捷！送车位房东直卖","https://shanghai.anjuke.com/prop/view/R3391923357556748",3,2,2,123,2004,2,550,39,2,72051,"毛坯","未知","普通住宅","商品房住宅","未知","未知","普陀","桃浦","复地太阳城","古浪路108弄","False","False","False","False","False","False","False",1050
"125","666d2509dacf8deaac141a8f","新出三房 简单装修 鹤沙航城汇贤雅苑 满五 楼层好视野无遮挡","https://shanghai.anjuke.com/prop/view/S3257717474843652",3,1,1,83,2014,18,1440,30,1.2,32776,"简单装修","中层","普通住宅","动迁配套房","70年产权","满五年","浦东","航头","鹤沙航城汇贤雅苑","鹤永路751弄1-20号","False","True","True","False","False","False","False",255
"126","666db1ef2f1fc60588d85caf","购房可再低二十万 近高铁地铁站 蔷薇苑朝南全明一室 毛坯房","https://shanghai.anjuke.com/prop/view/S3306975730769929",1,1,1,54,2020,17,1140,30,1.5,23809,"毛坯","高层","普通住宅","动迁配套房","70年产权","满二年","松江","车墩","松南城蔷薇苑","银圩路199弄","True","False","False","False","False","False","False",125
"127","666d6b212f1fc60588d7b4de","金钻苑 装修好 南北通透  高楼层视野好近地铁恒越广场","https://shanghai.anjuke.com/prop/view/S3067721919945736",2,2,1,83,2009,6,1198,42,1.1,39094,"精装修","高层","普通住宅","商品房住宅","70年产权","满五年","浦东","曹路","金钻苑(北区421弄)","海松路421弄1-92号","False","True","True","False","False","False","False",309
"128","666de2b32f1fc60588d8b192","送20平米大花园，精装修全明户型，有钥匙，看房随时，价格可谈","https://shanghai.anjuke.com/prop/view/S3102179180370952",2,1,1,55,1989,5,1485,25,0.8,59702,"精装修","未知","普通住宅","商品房住宅","70年产权","满五年","徐汇","上海植物园","长桥新村","长桥新村14-121号","False","True","True","False","False","False","False",286
"129","666db43d2f1fc60588d862ad","精装朝南1房1厅 东边套 一门关 环境安静 光照充足 近地铁","https://shanghai.anjuke.com/prop/view/S3367830391905295",1,1,1,44,1985,7,3831,20,0.5,88607,"精装修","高层","普通住宅","商品房住宅","70年产权","满五年","徐汇","斜土路","日晖六村","日晖六村1-199号,斜土路1468,1472,1476号,零陵路197,199号","True","False","True","False","False","False","False",380
"130","666dc1b62f1fc60588d8835a","电梯房 装修好 临地铁 满五   商品住宅 朝南 明厨明卫","https://shanghai.anjuke.com/prop/view/S3197646126325765",2,2,1,132,2014,18,2712,35,2.75,51990,"精装修","低层","普通住宅","商品房住宅","70年产权","满五年","宝山","杨行","远洋悦庭","杨泰路2158弄1-68号","True","False","True","False","False","False","False",518
"131","666da4a12f1fc60588d83ca2","A（前排俯瞰顾村公园全景！）送朝南双阳台！地铁步行200米！","https://shanghai.anjuke.com/prop/view/S3428746738606088",2,2,1,90,2012,18,1191,40,2.7,51095,"精装修","高层","普通住宅","商品房住宅","70年产权","满五年","宝山","顾村","保利叶语(一期公寓住宅)","宝菊路22弄","False","True","True","False","True","False","False",318
"132","666d3334dacf8deaac14371b","低总价精装修一房一厅 全明户型 近地铁 交通便利 有钥匙看房","https://shanghai.anjuke.com/prop/view/S3518156583969807",1,1,1,34,1987,5,70,10,0.5,33435,"精装修","未知","普通住宅","商品房住宅","70年产权","满五年","浦东","外高桥","大同路347弄小区","大同路347弄","False","True","True","False","False","False","False",107
"133","666d3082dacf8deaac1431a7","永康城浦欣苑 企业力荐好房诚意出售","https://shanghai.anjuke.com/prop/view/S3240093262799875",2,1,1,80,2015,18,1125,35,1.32,29213,"精装修","低层","普通住宅","商品房住宅","70年产权","未知","闵行","浦江","永康城浦欣苑","永高路75弄","True","False","False","False","False","False","True",225
"134","666d889a2f1fc60588d7f867","精装修电梯房 附送露台，出门就是七号线 送地下产权车位 ！！","https://shanghai.anjuke.com/prop/view/S3565263183076360",3,2,2,108,2003,6,684,35,0.9,57610,"精装修","高层","普通住宅","商品房住宅","未知","未知","宝山","大华","怡华苑","怡华苑路188弄","False","True","True","False","False","False","False",498
"135","666e26612f1fc60588d9135b","新天地商圈，近老西门，高区电梯房，朝南，户型好，地段繁华。","https://shanghai.anjuke.com/prop/view/S3526945257463813",1,1,1,52,1992,30,659,23,0.2,103679,"精装修","高层","普通住宅","商品房住宅","70年产权","满五年","黄浦","新天地","马当小区","马当路357弄1-8号","False","True","True","False","False","False","False",560
"136","666e02b42f1fc60588d8dfd3","佳龙花园 正规商品房 低密度社区 精装修 带电梯 南北通透","https://shanghai.anjuke.com/prop/view/S3584815854429189",3,2,2,126,2007,12,1958,50,1.85,94181,"精装修","高层","普通住宅","商品房住宅","70年产权","满五年","杨浦","黄兴","佳龙花园","营口路600弄","False","True","True","False","False","False","False",950
"137","666d9b4c2f1fc60588d8256e","中原优选南北户型全明居家装修满五飞机户型业主诚售","https://shanghai.anjuke.com/prop/view/S3511524398636040",3,2,1,104,2000,6,1048,32,0.35,40037,"简单装修","中层","普通住宅","商品房住宅","70年产权","满五年","宝山","共富新村","共富四村","共富路351弄","True","False","True","False","False","False","False",368
"138","666d991d2f1fc60588d82026","江秋新苑一楼送超大花园，前面就是别墅采光好，老房东委托出售！","https://shanghai.anjuke.com/prop/view/S3164269074997254",1,1,1,60,2013,5,2567,36,0.5,22703,"毛坯","未知","普通住宅","商品房住宅","70年产权","满五年","松江","佘山","江秋新苑(公寓住宅)","桃源路688弄","False","True","False","False","False","False","False",133
"139","666ddab62f1fc60588d8a596","全新豪装未住！带产权车位！私人管家服务！2梯1户！一层一户","https://shanghai.anjuke.com/prop/view/S3556647585029121",4,2,5,434,2018,25,209,27,8.8,88527,"豪华装修","高层","公寓","商住两用","50年产权","满五年","静安","北京西路","华侨城苏河湾行政公馆(二期)","曲阜路123弄30号,曲阜路123弄38号","True","False","True","True","False","False","False",3725
"140","666ed3d1645d03ce6353ad54","金浦小区(塘桥) 中间楼层 商圈成熟 朝南 临地铁 交通便利","https://shanghai.anjuke.com/prop/view/S3588655637881856",2,1,1,55,1995,6,966,18,0.75,69797,"毛坯","中层","普通住宅","商品房住宅","未知","未知","浦东","塘桥","金浦小区(塘桥)","蓝村路502弄,浦建路207弄,浦建路211弄","True","False","True","False","False","False","False",390
"141","666dcf072f1fc60588d88f67","嘉定新城，远香湖湖景房，南北通透，精装自住保养好可拎包入住","https://shanghai.anjuke.com/prop/view/S3442106144169985",2,2,1,87,2018,18,655,35,3.2,51062,"精装修","高层","普通住宅","商品房住宅","70年产权","满五年","嘉定","嘉定新城","上实海上公元","希望路260弄","True","False","False","True","False","False","False",430
"142","666d6d6f2f1fc60588d7b8db","（地铁口）园西川中2房，带私家花园","https://shanghai.anjuke.com/prop/view/S3557528491467783",2,1,1,76,1996,6,434,30,0.36,41498,"精装修","低层","普通住宅","商品房住宅","70年产权","满五年","浦东","川沙","妙境一村","川环南路918弄,川环南路898弄","False","True","True","False","False","False","False",300
"143","666dd1cf2f1fc60588d894bb","首付只需70万即可在徐汇滨江安家！业主急抛！价格可谈！楼层佳","https://shanghai.anjuke.com/prop/view/S3265955481968655",1,1,1,40,1995,6,1208,30,0.6,71113,"简单装修","高层","普通住宅","商品房住宅","70年产权","满五年","徐汇","龙华","龙南七村","龙南七村1-82号","True","False","True","False","False","False","False",265
"144","666e09a92f1fc60588d8e9fd","怡景苑 3室2厅 预约看房","https://shanghai.anjuke.com/prop/view/S3214607652937735",3,2,2,153,2002,35,439,38,4.5,105820,"简单装修","高层","普通住宅","商品房住宅","70年产权","未知","静安","南京西路","怡景苑","西康路339弄1-9号","True","False","True","False","False","False","True",1480
"145","666ec873645d03ce63539e81","经纬7期.法式豪宅.天然湖景.3.6米层高.有匙即看","https://shanghai.anjuke.com/prop/view/S3049329150664710",3,2,2,153,2021,20,272,40,1.15,71986,"毛坯","高层","普通住宅","商品房住宅","未知","满二年","宝山","上海大学","经纬至臻豪庭","涵青路199弄","False","True","True","False","False","False","False",1050
"146","666d7f042f1fc60588d7e12e","南园子2室1厅1卫","https://shanghai.anjuke.com/prop/view/R3306990987748352",2,1,1,56,2000,5,531,60,2,22835,"简单装修","未知","普通住宅","商品房住宅","未知","未知","松江","松江老城","南园子","松汇中路371弄","False","False","False","False","False","False","False",161
"147","666d78552f1fc60588d7d02f","出门9号线体育馆站 双南房户型带固定车位 邻近平高广场和柒中","https://shanghai.anjuke.com/prop/view/S3502284633236495",2,1,1,65,2000,6,792,35,0.5,31602,"简单装修","中层","普通住宅","商品房住宅","70年产权","满五年","松江","松江老城","九峰新村","九峰新村1-203号","False","True","True","False","True","False","False",158
"148","666ec4d9645d03ce63539900","杨宅小区(792弄)1室0厅1卫","https://shanghai.anjuke.com/prop/view/R2499010265406478",1,0,1,37,1986,6,270,36,0.8,63960,"精装修","高层","普通住宅","商品房住宅","未知","未知","长宁","新华路","杨宅小区(792弄)","法华镇路792弄","False","False","False","False","False","False","False",278
"149","666d4997dacf8deaac146274","华府188 地铁口  96旁 百联附近  交通便捷 精装修","https://shanghai.anjuke.com/prop/view/S3577571496240129",3,2,1,88,2015,22,220,35,4,76013,"精装修","高层","普通住宅","商品房住宅","70年产权","满五年","浦东","川沙","华府188","华戴路299弄","False","True","True","False","False","False","False",658
"150","666f1a6078fe02f6bf54d9ae","宝钢十一村（购房必看）小区榜首（精装修拎包入住）全天采光无遮","https://shanghai.anjuke.com/prop/view/S3241034792870914",2,1,1,51,2000,6,1248,17,0.3,37964,"精装修","高层","普通住宅","商品房住宅","70年产权","满五年","宝山","淞宝","宝钢十一村","宝钢十一村1-79号","True","False","True","False","False","False","False",200
"151","666d22b0dacf8deaac141562","急售装修好 正规商品房 临地铁 医疗配套成熟 税费各付次新房","https://shanghai.anjuke.com/prop/view/S3544764477922316",2,2,1,88,2023,30,114,28,0.85,90733,"精装修","低层","普通住宅","商品房住宅","70年产权","满五年","浦东","八佰伴","嘉盈峰","张家浜路27号","False","True","True","False","False","False","False",750
"152","666d2897dacf8deaac1421d0","楼龄新 南北通透 带电梯 近地铁 双卫生间 近一周新上房源","https://shanghai.anjuke.com/prop/view/S3556098031115271",3,2,2,120,2014,15,1380,30,1.2,33913,"毛坯","低层","普通住宅","动迁配套房","70年产权","满五年","浦东","外高桥","高盛家园","高攀路149弄","False","True","True","False","True","False","False",380
"153","666d2d41dacf8deaac142b8e","浦东新区张江万科翡翠公园(一期)2室2厅","https://shanghai.anjuke.com/prop/view/S3359423683404812",2,1,1,86,2016,18,244,35,5.8,107843,"精装修","中层","普通住宅","其它","70年产权","满五年","浦东","张江","万科翡翠公园(一期)","环科路677弄","True","False","True","True","False","False","False",930
"154","666de3d42f1fc60588d8b33c","品质次新丨税费各付丨得房率100丨科技住宅丨有车位丨大宁金茂","https://shanghai.anjuke.com/prop/view/S3586193416903685",3,2,2,108,2018,25,742,35,1.35,160807,"精装修","中层","普通住宅","商品房住宅","70年产权","满五年","静安","大宁","大宁金茂府(二期)","平型关路1288弄","False","True","True","True","False","False","False",1350
"155","666ed0e1645d03ce6353a98e","医疗配套成熟 精装修 出行方便 低容积 带电梯 双卫","https://shanghai.anjuke.com/prop/view/S3201466515577861",3,2,2,149,2010,16,1491,60,2.8,122287,"精装修","低层","普通住宅","商品房住宅","70年产权","未知","浦东","金杨新村","金桥瑞仕花园","枣庄路399弄","True","False","True","False","False","False","True",1580
"156","666daae12f1fc60588d84bd9","古秀苑3室2厅2卫","https://shanghai.anjuke.com/prop/view/R3554639422675974",3,2,2,116,2005,6,302,20,0.5,30926,"精装修","低层","普通住宅","商品房住宅","未知","未知","松江","永丰","古秀苑","仓汇路51弄","False","False","False","False","False","False","False",405
"157","666d9b8d2f1fc60588d8260e","看房有钥匙之前群租房现在已清理靠河位置采光好南北通透2楼","https://shanghai.anjuke.com/prop/view/S3359348110352386",3,2,2,124,2004,6,1676,46,1.15,77185,"精装修","低层","普通住宅","商品房住宅","70年产权","满五年","闵行","古美罗阳","欧风花都","东兰路1111弄","False","True","True","False","False","False","False",940
"158","666ec9e2645d03ce6353a0ad","宝虹家园2室2厅简单装修   满5   诚心出售","https://shanghai.anjuke.com/prop/view/S3249255929470985",2,2,1,83,2006,6,3286,25,1.2,17429,"简单装修","低层","普通住宅","动迁配套房","70年产权","满五年","宝山","罗泾","宝虹家园","陈川路555弄1-114号","False","True","False","False","True","False","False",125
"159","666f4f99742114de41d9cddc","水清木华附赠花园25平 超大横厅 41房   位置","https://shanghai.anjuke.com/prop/view/S3571887951504398",4,2,2,219,2005,29,960,56,2.6,112266,"精装修","低层","普通住宅","商品房住宅","未知","未知","浦东","联洋","水清木华公寓","芳甸路333弄","False","True","True","False","False","False","False",2268
"160","666d2222dacf8deaac14143e","御桥 正规商品房 房龄新 板楼 近地铁 朝南 开发商精装修","https://shanghai.anjuke.com/prop/view/S3580181604719629",3,2,1,97,2017,18,4001,43,1.77,63473,"精装修","高层","普通住宅","商品房住宅","70年产权","未知","浦东","御桥","绿洲康城亲水湾(中区)","康桥路1558弄","True","False","False","True","False","False","False",628
"161","666ddfd92f1fc60588d8ad59","年轻时尚二居 观景房 70.69平130W 采光视野非常棒","https://shanghai.anjuke.com/prop/view/S3465580541385728",2,1,1,70,2001,6,204,35,0.8,21926,"精装修","高层","普通住宅","商品房住宅","70年产权","满五年","宝山","月浦","鹤林路250弄小区","鹤林路250弄","True","False","False","False","False","False","False",130
"162","666d84f52f1fc60588d7ef8b","七中 随意改造 松岳名都次新小区 纯毛坯 带车位 出门地铁口","https://shanghai.anjuke.com/prop/view/S3521348911406087",3,2,2,135,2021,13,522,30,1.3,35805,"毛坯","中层","普通住宅","商品房住宅","70年产权","满二年","松江","松江新城","松岳名都","乐都路210弄","False","True","True","False","False","False","False",395
"163","666d3f9cdacf8deaac144f81","精装修 复式对面招商花园城 近，地，铁300米","https://shanghai.anjuke.com/prop/view/S3573164838526984",3,2,2,117,2009,6,1104,55,1.1,53283,"精装修","高层","普通住宅","商品房住宅","70年产权","满五年","浦东","曹路","美地芳邻苑","顾唐路138弄","False","True","True","False","False","False","False",500
"164","666d7f0e2f1fc60588d7e14b","满五  ，好楼层，价格可谈，诚心出售，离地铁近，高性价比。","https://shanghai.anjuke.com/prop/view/R2244045903698956",1,1,1,40,1994.5,6,175,35,0.7,23880,"简单装修","低层","普通住宅","商品房住宅","未知","满五年","松江","松江老城","西新桥路46弄小区","西新桥路46弄","False","False","False","False","False","False","False",142
"165","666f4543742114de41d9c6d5","东湾为数不多的双南两房 满五   可看房 好房推荐。","https://shanghai.anjuke.com/prop/view/S3442923572355079",2,1,1,58,1992,6,2244,35,0.65,59489,"简单装修","中层","普通住宅","商品房住宅","70年产权","满五年","徐汇","华泾","东湾小区","龙吴路2388弄","True","False","False","False","False","False","False",335
"166","666ec893645d03ce63539eaf","海申花园 2室1厅 南 精装","https://shanghai.anjuke.com/prop/view/S3301588387437569",2,1,1,76,2000,6,1290,36,0.6,64883,"精装修","中层","普通住宅","商品房住宅","70年产权","满五年","闵行","金虹桥","海申花园","张虹路125弄","True","False","True","False","False","False","False",548
"167","666f1f3e78fe02f6bf54dd6e","大两居 商品住宅 低密宜居 中间楼层采光好 正南朝向","https://shanghai.anjuke.com/prop/view/S3546775990657033",2,1,1,83,2006,6,1728,19,0.5,23640,"精装修","中层","普通住宅","商品房住宅","70年产权","满五年","宝山","罗店","金星绿苑(东区)","集贤路501弄","True","False","False","False","False","False","False",180
"168","666dadbe2f1fc60588d8525d","单边代理丨 税费少丨占地538平丨老业主委托丨致电询","https://shanghai.anjuke.com/prop/view/S3297482581139463",6,2,3,227,2010,3,633,40,1.5,79765,"精装修","全层","别墅","商品房住宅","70年产权","满五年","浦东","康桥","康桥半岛(2727弄)","沪南路2727弄","False","True","True","False","False","False","False",1668
"169","666d9b812f1fc60588d825e9","荣顺苑两房送全明大阁楼，靠近地铁站做三房，品质小区，价钱能谈","https://shanghai.anjuke.com/prop/view/S3493782872237069",2,2,2,88,2004,6,1087,35,0.8,50251,"精装修","高层","普通住宅","商品房住宅","未知","未知","闵行","颛桥","莘闵荣顺苑","颛盛路135弄","False","True","True","False","False","False","False",483
"170","666e11492f1fc60588d8f511","2015年次新房，双南带大阳台，看房方便，精装修","https://shanghai.anjuke.com/prop/view/S3348101557821440",2,1,1,47,2015,5,2220,38,0.96,50539,"精装修","未知","普通住宅","商品房住宅","70年产权","满五年","杨浦","杨浦公园","广远新村","控江路113号,广远新村,控江路101-109号","False","True","True","False","False","False","False",230
"171","666ec101645d03ce635392a9","急售！新华路梧桐树环绕|1T2H东边套全南户型|小区闹中取静","https://shanghai.anjuke.com/prop/view/S3372667054252042",2,2,1,94,1985,6,840,25,0.6,73664,"精装修","低层","普通住宅","商品房住宅","70年产权","满五年","长宁","新华路","文缘村","新华路413弄,新华路393弄","False","True","True","False","False","False","False",675
"172","666e1d712f1fc60588d90667","（特价房）捡皮夹子，品质小区！固定车位，全明户型！房东诚售","https://shanghai.anjuke.com/prop/view/S3586399707422730",2,2,1,85,2001,6,935,43,1,73185,"精装修","高层","普通住宅","商品房住宅","70年产权","满五年","普陀","长征","金沙雅苑地中海之恋","金沙江路2348弄","False","True","True","False","False","False","False",515
"173","666d7dc02f1fc60588d7ddd6","（地铁12线口）电梯次新房，中楼层，送业主婚房20万精装修","https://shanghai.anjuke.com/prop/view/S3315881730958347",1,1,1,56,2009,18,1166,50,0.8,66320,"精装修","高层","普通住宅","商品房住宅","70年产权","满五年","浦东","金桥","阳光城市家园","永宁路33弄","True","False","True","False","False","False","False",365
"174","666d4230dacf8deaac14544f","楼层好位置佳，甄选房源，价格还能聊 ！欢迎来电咨询。","https://shanghai.anjuke.com/prop/view/S3566169514548232",1,1,1,51,2011,18,946,35,1.11,42184,"精装修","中层","普通住宅","商品房住宅","70年产权","满五年","浦东","曹路","星金家园","金晓路289弄","False","True","True","False","False","False","False",212
"175","666df07e2f1fc60588d8c604","湖畔天下(公寓住宅) 满五   精装可拎包入住 产权清晰","https://shanghai.anjuke.com/prop/view/S3522566005384195",4,2,2,113,2016,21,1702,35,2,53927,"精装修","低层","普通住宅","商品房住宅","70年产权","满五年","嘉定","南翔","湖畔天下(公寓住宅)","瑞林路800弄,瑞林路1280弄,芳林路1357弄","False","True","True","False","False","False","False",590
"176","666e16412f1fc60588d8fc39","老西门蓬莱地段 送精装12万 电梯大一房 满五微一 房东急售","https://shanghai.anjuke.com/prop/view/S3540912454362126",1,1,1,32,1990,7,250,20,1,69200,"精装修","高层","普通住宅","商品房住宅","70年产权","满五年","黄浦","老西门","先棉祠街小区","先棉祠街31-38号,先棉祠街32弄","True","False","True","False","False","False","False",285
"177","666d87e92f1fc60588d7f6a4","虹梅南苑 次顶楼 原始三房改两房 户型好 业主自住看房方便","https://shanghai.anjuke.com/prop/view/S3356799893855232",2,2,1,87,1996,6,480,30,0.7,44731,"精装修","高层","普通住宅","商品房住宅","未知","满五年","闵行","春申","虹梅南苑","虹梅南路1728弄1-102号","True","False","True","False","False","False","False",360
"178","666da1fc2f1fc60588d8362f","乔爱庄园占地1300平  户型方正 莘闵标杆小区  全套房","https://shanghai.anjuke.com/prop/view/S3345153465884672",6,3,5,558,2013,2,104,70,8,55932,"毛坯","全层","别墅","商品房住宅","70年产权","满五年","松江","莘闵","乔爱庄园","明中路666弄","False","True","False","False","False","False","False",2950
"179","666d6627dacf8deaac149954","东  区 低密度社区 商圈成熟 交通便利 装修好 朝南","https://shanghai.anjuke.com/prop/view/S3514974754742276",2,1,1,70,1997,6,1984,25,0.5,47077,"精装修","高层","普通住宅","商品房住宅","未知","未知","浦东","金桥","东二小区","博兴路1185弄,博兴路1383弄,东陆路1268弄","True","False","True","False","False","False","False",308
"180","666d85012f1fc60588d7efac","新出上海公馆南进门双拼，集中花园300平全套房 1楼带房间","https://shanghai.anjuke.com/prop/view/S3487179869380615",4,2,3,272,2008,2,277,45,3,67051,"精装修","全层","别墅","商品房住宅","未知","未知","松江","九亭","御泓苑","涞坊路1199弄","False","True","False","False","False","False","False",1750
"181","666de04b2f1fc60588d8ae05","洋房复式，送一层80平不上产证，可做5房，各个房间都送个阳台","https://shanghai.anjuke.com/prop/view/S3567374731468805",3,2,2,119,2010,6,800,46,1.4,42886,"精装修","高层","普通住宅","商品房住宅","70年产权","满五年","青浦","青浦新城","新城盛景B区","崧文路388弄","True","False","True","False","False","False","False",480
"182","666d2f15dacf8deaac142f0a","碧云品质，大5房3卫，自住精装，中央空调带地暖，满五，有钥匙","https://shanghai.anjuke.com/prop/view/S3048738034180107",5,2,3,227,2017,5,554,35,2.98,39307,"精装修","未知","普通住宅","商品房住宅","70年产权","满五年","浦东","临港新城","碧云壹零(公寓住宅)","竹柏路758弄","False","True","False","True","True","False","False",800
"183","666d5fe5dacf8deaac148c8e","新上，1楼送大院子，小区中间位置，钥匙在手随时看","https://shanghai.anjuke.com/prop/view/S3474554822843398",1,1,1,34,1983,6,1188,28,1.32,61462,"简单装修","低层","普通住宅","其它","70年产权","满五年","浦东","世博","上钢十村","西营路33弄","True","False","True","False","False","False","False",200
"184","666d81e12f1fc60588d7e838","（下一套必卖好房）上海星河湾二期185平，四开间全朝南，赞！","https://shanghai.anjuke.com/prop/view/S3315539292611588",3,2,2,185,2017,32,955,36,4.5,84694,"精装修","中层","普通住宅","商品房住宅","70年产权","满五年","闵行","春申","上海星河湾(二期)","都会路3899弄","False","True","True","True","False","False","False",1580
"185","666da2552f1fc60588d8371b","共和小区 中间楼层 商业配套齐全 商品住宅 满五   临地铁","https://shanghai.anjuke.com/prop/view/S3552545845108751",2,1,1,66,1996,6,1752,30,0.6,52797,"简单装修","中层","普通住宅","商品房住宅","未知","满五年","宝山","共康","共和小区","共和新路4719弄31-162号,164-166,168号","False","False","True","False","False","False","False",350
"186","666dc19e2f1fc60588d88329","新成十坊2室1厅1卫","https://shanghai.anjuke.com/prop/view/R3094762986202124",2,1,1,73,1998,6,240,38,0.6,21918,"简单装修","低层","普通住宅","商品房住宅","未知","满五年","嘉定","嘉定城区","新成十坊","迎宾路488弄","False","False","False","False","False","False","False",220
"187","666d9e842f1fc60588d82ddc","南北通透 双卫生间 正规商品房 交通便利 商业配套成熟","https://shanghai.anjuke.com/prop/view/S3484307281224712",3,2,2,134,2000,9,1660,35,1.25,51961,"简单装修","低层","普通住宅","商品房住宅","未知","未知","宝山","淞宝","吴淞新城(西区)","班溪路55弄","False","True","True","False","False","False","False",658
"188","666d85412f1fc60588d7f03c","新上景城一期高楼层南北通两房，带产权车位，接受置换，看房方便","https://shanghai.anjuke.com/prop/view/S3518477916069891",2,2,1,98,2004,17,2095,50,2.65,81912,"精装修","中层","普通住宅","商品房住宅","70年产权","满五年","闵行","春申","春申景城湖滨晨韵","莲花南路1111弄","False","True","True","False","False","False","False",705
"189","666e12702f1fc60588d8f6ac","音乐广场 中间楼层采光好 购物方便 双卫格局 商品房","https://shanghai.anjuke.com/prop/view/S3400844899442697",3,2,2,158,2004,11,842,45,1.85,88567,"简单装修","中层","普通住宅","商品房住宅","未知","未知","普陀","长寿路","音乐广场","江宁路1220弄","True","False","True","False","False","False","True",1480
"190","666d73862f1fc60588d7c56b","高楼层视野好 带电梯 南北通透 产权清晰 精装修 临地铁","https://shanghai.anjuke.com/prop/view/S3048210654520322",3,2,2,127,2012,14,3184,48.5,2,63262,"精装修","高层","普通住宅","商品房住宅","70年产权","满五年","浦东","高行","绿地崴廉公寓","东靖路2250弄","False","True","True","False","False","False","False",750
"191","666d7c462f1fc60588d7da49","白云新村 正规商品房 精装可拎包入住 满五   停车方便","https://shanghai.anjuke.com/prop/view/S3498032546946048",2,1,1,66,1992,5,918,30,0.8,25648,"精装修","未知","普通住宅","商品房住宅","70年产权","未知","松江","松江老城","白云新村","茸城路20弄","False","True","False","True","False","False","False",188
"192","666df4da2f1fc60588d8cc33","一楼天井边套已经搭好房东置换联系我带你线下看更多房源","https://shanghai.anjuke.com/prop/view/S3260639542125574",2,1,1,52,1995,6,4452,25,0.8,38683,"精装修","低层","普通住宅","商品房住宅","70年产权","满五年","普陀","桃浦","桃浦七村","雪松路458弄","False","True","True","False","True","False","False",180
"193","666dfebb2f1fc60588d8da73","送花园！品质小区  医疗配套成熟 商品房 电梯房 近地铁","https://shanghai.anjuke.com/prop/view/S3068046718573575",2,1,1,105,2000,11,1294,35,0.65,79904,"简单装修","低层","普通住宅","商品房住宅","70年产权","满五年","杨浦","东外滩","长阳新苑","长阳路1318弄","True","False","True","False","False","False","False",912
"194","666d4849dacf8deaac145ff0","浦江华侨城(二期1809弄别墅) 密度低 南北通透","https://shanghai.anjuke.com/prop/view/S3355876512521224",4,2,3,311,2010,1,96,40,2.3,61038,"精装修","全层","别墅","商品房住宅","70年产权","满五年","闵行","浦江","浦江华侨城(二期1809弄别墅)","浦驰路1809弄","False","True","False","False","False","False","False",2000
"195","666d5804dacf8deaac147d04","2023年房龄，带电梯，新房，全南户型，光线好","https://shanghai.anjuke.com/prop/view/S3468439947631618",1,1,1,53,2023,6,1730,30,0.85,30987,"毛坯","低层","普通住宅","商品房住宅","70年产权","满五年","闵行","老闵行","汽轮小区","宾川路200弄","False","True","True","False","False","False","False",160
"196","666dada02f1fc60588d85218","东边套 双南全明两房 一梯两户 南北通透 送阁楼","https://shanghai.anjuke.com/prop/view/S3103743679586312",2,1,1,55,2001,6,454,35,0.5,43151,"简单装修","高层","普通住宅","商品房住宅","70年产权","满五年","闵行","航华","沪江新苑","沪青平公路391弄","False","True","True","False","False","False","False",220
"197","666d77792f1fc60588d7cdfe","高行 位置好 电梯房采光好看房有钥匙视野开阔前后无遮挡","https://shanghai.anjuke.com/prop/view/S3451976516018183",3,2,1,109,2008,14,1731,35,1.5,54971,"精装修","低层","普通住宅","商品房住宅","70年产权","满五年","浦东","高行","新高苑兰园","高宝路379弄","False","True","True","False","False","False","False",580
"198","666ec7b5645d03ce63539d58","紫晶南园 交通便利 满五   带电梯 南北通透 商品住宅","https://shanghai.anjuke.com/prop/view/S3499981736549387",2,2,1,105,2006,13,2122,35,1.2,41531,"简单装修","高层","普通住宅","商品房住宅","70年产权","满五年","闵行","吴泾","紫晶南园","广南路666弄","False","True","False","False","False","False","False",455
"199","666da0872f1fc60588d832a2","高楼层视野好 大两房 满五   产权清晰 朝南 近医院","https://shanghai.anjuke.com/prop/view/S3506754660228103",2,2,1,82,1999,6,504,30,0.6,57949,"简单装修","高层","普通住宅","商品房住宅","70年产权","满五年","宝山","共康","民主新苑","共和新路4719弄187-235号","True","False","True","False","False","False","False",385
"200","666df07a2f1fc60588d8c5f9","虹桥宝龙广场 朝南板楼 带电梯 中间楼层 精装修 采光好","https://shanghai.anjuke.com/prop/view/R3427321469411336",1,1,1,42,2015,11,1247,40,1.66,18319,"精装修","高层","公寓","商品房住宅","未知","未知","青浦","华新","虹桥宝龙广场","新府中路1560,1536,1556弄,华志路311弄","False","False","False","False","False","False","False",75
"201","666d5ecbdacf8deaac148a57","申竹大楼 出行方便 装修好 产权清晰 商业配套齐全 近地铁","https://shanghai.anjuke.com/prop/view/S3586026820198404",2,1,1,62,1993,26,208,30,1,71802,"精装修","高层","普通住宅","商品房住宅","未知","满五年","浦东","源深","申竹大楼","张杨路1338号","False","True","True","False","False","False","False",431
"202","666db9432f1fc60588d86fcf","对标汤臣一品！好房稍纵即逝！业主置换市区豪宅，只要不离谱就卖","https://shanghai.anjuke.com/prop/view/S3379431039901700",4,2,3,186,2015,16,1121,40,2.3,67476,"精装修","高层","普通住宅","商品房住宅","70年产权","满五年","松江","松江大学城","誉品谷水湾","龙马路185弄","False","True","True","False","False","False","False",1050
"203","666d47e9dacf8deaac145f53","自刀50个，进才，南北通复式大三房，全屋定制，随时好看！","https://shanghai.anjuke.com/prop/view/S3587564161539086",3,2,3,92,2006,6,2000,35,0.8,45085,"精装修","高层","普通住宅","商品房住宅","未知","满五年","浦东","周浦","繁荣安居","繁荣东路159弄","False","True","True","False","False","False","False",370
"204","666d8afe2f1fc60588d7fe46","大居本地动迁三房，精装修税少，拎包入住","https://shanghai.anjuke.com/prop/view/S3307033976085505",3,2,2,123,2019,18,1008,35,1,28302,"精装修","中层","普通住宅","商品房住宅","70年产权","满五年","宝山","罗南","美罗家园罗安苑","美安路215弄","False","True","True","False","False","False","False",380
"205","666d9a8f2f1fc60588d8239a","大开间，大平层，小区中心位置，采光充足，地中海风格","https://shanghai.anjuke.com/prop/view/S3355765300126723",3,1,1,92,2021,33,733,35,2.5,45309,"毛坯","中层","普通住宅","商品房住宅","70年产权","满五年","宝山","水产路站","宝林枫景苑","淞滨支路120弄13-19号","True","False","True","False","False","False","False",380
"206","666eda23645d03ce6353b10f","昱丽家园，小区景观位置，满五年V1，轨道18号线，实拍图","https://shanghai.anjuke.com/prop/view/S3484184189444111",2,2,1,78,2012,18,1424,40,1.07,33980,"精装修","中层","普通住宅","商品房住宅","70年产权","满五年","浦东","航头","鹤沙航城昱丽家园","鹤沙路699弄","True","False","True","False","False","False","False",240
"207","666dc3302f1fc60588d886a4","外环独栋大别墅，400平花园，占地一亩，14号线地铁！","https://shanghai.anjuke.com/prop/view/S3347028929684480",6,2,4,306,1996,3,156,60,2.6,58009,"精装修","全层","别墅","商品房住宅","70年产权","满五年","嘉定","江桥新城","皇府别墅","曹安公路2795号","False","True","True","False","False","False","False",1750
"208","666de1542f1fc60588d8af8e","一楼送30平大花园，南邻别墅区，   ，近吾悦 接受长期置换","https://shanghai.anjuke.com/prop/view/S3108016394591236",4,2,2,141,2014,6,520,39,0.8,33686,"简单装修","低层","普通住宅","商品房住宅","70年产权","满五年","青浦","青浦新城","新青浦世纪苑(南区)","港俞路555弄","False","True","False","False","False","False","False",430
"209","666d35f3dacf8deaac143c6d","精装修双南两房 产权清晰 新郑已出 付20% 有车位 满五年","https://shanghai.anjuke.com/prop/view/S3544785805564942",2,1,1,64,1995,6,408,20,0.3,56781,"精装修","中层","普通住宅","商品房住宅","70年产权","满五年","浦东","张江","建中小区","建中路461弄","False","True","True","False","False","False","False",319
"210","666e0cd02f1fc60588d8ee6f","2024年新出急卖房 电梯一房一厅 高区 理工 地铁400米","https://shanghai.anjuke.com/prop/view/S3516443339990028",1,1,1,46,1989,14,1814,30,0.85,59191,"精装修","中层","普通住宅","商品房住宅","70年产权","满五年","杨浦","黄兴","延吉四村","延吉四村1-68号","False","True","True","False","False","False","False",224
"211","666d9a572f1fc60588d82315","锦秋花园(别墅)边套，房东直卖，价格可议。","https://shanghai.anjuke.com/prop/view/R3450234390798338",4,2,3,230,2002,5,3074,38,1,55944,"精装修","全层","别墅","商品房住宅","未知","满五年","宝山","上海大学","锦秋花园(别墅)","锦秋路699弄","False","False","False","False","False","False","False",1291
"212","666d6fe72f1fc60588d7bd3b","16年品质小区|人车分流|业主诚意出售","https://shanghai.anjuke.com/prop/view/S3356896950787087",3,2,1,104,2016,18,1193,35,2.2,62070,"简单装修","中层","普通住宅","商品房住宅","70年产权","未知","浦东","周浦","中金海棠湾(三期公寓)","沈梅东路300弄","False","True","True","True","False","False","True",570
"213","666da7812f1fc60588d84384","正南 3室1厅 古北菊翔苑(南区)","https://shanghai.anjuke.com/prop/view/S3048365374088193",3,1,1,93,2008,8,1564,37,1.18,41385,"简单装修","高层","普通住宅","商品房住宅","未知","未知","宝山","顾村","古北菊翔苑(南区)","菊联路233弄","True","False","True","False","False","False","True",420
"214","666dfbc72f1fc60588d8d61b","海防村二房，南北通户型，价格可议，诚意出售，值得入手","https://shanghai.anjuke.com/prop/view/S3484463574425612",2,1,1,51,1998,5,540,40,1.2,174608,"精装修","未知","普通住宅","商品房住宅","70年产权","满五年","静安","江宁路","海防村","海防路410弄1-27号","False","True","True","False","False","False","False",690
"215","666dea502f1fc60588d8bcf5","近医院 临地铁 出行方便 高楼层视野无遮挡 商圈成熟","https://shanghai.anjuke.com/prop/view/S3541184261399554",3,2,1,90,1998,6,708,25,1.1,70736,"精装修","高层","普通住宅","商品房住宅","70年产权","满五年","静安","大宁","粤秀小区","粤秀路318弄","False","True","True","False","False","False","False",580
"216","666d747d2f1fc60588d7c7a5","新上笋盘，业主回老家诚售，价格好谈，有匙在手，随时可看房","https://shanghai.anjuke.com/prop/view/S3190858394887182",2,2,1,108,2002,13,976,40,1,66988,"精装修","低层","普通住宅","商品房住宅","70年产权","未知","闵行","莘庄南广场","名都新城(二期)","宝城路155弄","True","False","True","False","False","False","False",630
"217","666d78122f1fc60588d7cfa3","南北通透 商圈成熟 产权清晰 带电梯 近医院 高楼层采光充足","https://shanghai.anjuke.com/prop/view/S3262147889340416",1,1,1,51,1998,6,2422,35,0.55,63666,"精装修","高层","普通住宅","商品房住宅","70年产权","满五年","浦东","金桥","金桥新村四街坊","长岛路1267弄,长岛路1203弄,长岛路1201弄,博兴路916弄,博兴路986弄","False","True","True","False","False","False","False",315
"218","666de0882f1fc60588d8ae54","富锦路1659弄小区 满五   商品住宅 正南朝向 近地铁","https://shanghai.anjuke.com/prop/view/S3560317832192004",1,1,1,47,1996,6,528,24,0.8,31612,"简单装修","低层","普通住宅","商品房住宅","70年产权","满五年","宝山","月浦","富锦路1659弄小区","富锦路1659弄","True","False","True","False","True","False","False",145
"219","666d6167dacf8deaac148f93","临地铁 精装修 正南朝向 商品房 高楼层采光充足 出行方便","https://shanghai.anjuke.com/prop/view/S3291512758623236",2,2,1,79,2003,6,1296,37,0.55,61483,"精装修","高层","普通住宅","商品房住宅","未知","未知","浦东","金桥","伟业金锦苑三村","东波路585弄","True","False","True","False","False","False","False",445
"220","666d91842f1fc60588d80e6e","真实在售，双主卧户型，大卧室，近地铁18号线，   格","https://shanghai.anjuke.com/prop/view/S3458701958751242",2,0,1,50,1996,6,1819,49,1.5,39914,"简单装修","中层","普通住宅","商品房住宅","70年产权","满五年","宝山","高境","逸仙二村(北区)","国权北路290弄,380弄,460弄","True","False","True","False","False","False","False",148
"221","666f424e742114de41d9c518","镇中心 产权清晰 大两居 低容积 满五  ","https://shanghai.anjuke.com/prop/view/S3179918122935298",2,2,1,94,2007,5,554,35,0.5,14392,"精装修","未知","普通住宅","商品房住宅","70年产权","满五年","奉贤","奉城","奉德苑西区","邮电路62弄","False","True","False","False","False","False","False",125
"222","666df1e92f1fc60588d8c82f","送车位可以提前交房 装修全送 接受长期置换 价格还可以再谈","https://shanghai.anjuke.com/prop/view/S3103805941881857",2,1,1,61,2013,18,938,35,0.8,104983,"精装修","低层","普通住宅","商品房住宅","70年产权","满五年","静安","大宁","大宁龙盛雅苑","万荣路166弄","False","True","True","False","False","False","False",570
"223","666dda352f1fc60588d8a489","嘉定老城嘉福汇精装复试两房，房东诚意急售，看中价格可谈!","https://shanghai.anjuke.com/prop/view/S3533551022351367",2,2,1,45,2013,13,735,20,2,16665,"精装修","高层","公寓","商住两用","50年产权","未知","嘉定","嘉定新城","嘉福汇","福海路777弄","False","True","False","False","False","False","True",75
"224","666d449cdacf8deaac1458ff","达城雅苑，品质好房。拎包入住。","https://shanghai.anjuke.com/prop/view/S3358244292959232",1,1,1,56,2019,17,716,30,1.06,39219,"精装修","低层","普通住宅","商品房住宅","70年产权","满五年","浦东","曹路","金海华城达诚雅苑","海纳路490弄","True","False","False","False","False","False","False",195
"225","666d44fcdacf8deaac145993","满五 南北通透 板楼 交通便捷 医疗配套成熟 中间好楼层","https://shanghai.anjuke.com/prop/view/S3062022549250063",2,1,1,49,1990,6,1980,35,1,98078,"精装修","中层","普通住宅","商品房住宅","70年产权","满五年","浦东","梅园","梅园四街坊(福沈小区)","商城路1028弄,张杨路951弄,福山路100弄,福山路102弄","False","True","True","False","False","False","False",495
"226","666d79f82f1fc60588d7d474","九亭 购物方便 正南朝向 环境好 近地铁 高楼层采光充足","https://shanghai.anjuke.com/prop/view/S3380101954116621",2,2,1,86,2007,16,3340,46,1.65,53918,"精装修","高层","普通住宅","商品房住宅","未知","未知","松江","九亭","九城湖滨","沪亭北路618弄","True","False","False","False","False","False","False",455
"227","666dabff2f1fc60588d84e4e","专业墅外，客厅朝南非常开阔，满五年有双车库，委托有钥匙随时看","https://shanghai.anjuke.com/prop/view/S3551978871446529",3,2,3,211,2010,13,392,48.04,2.7,58843,"精装修","中层","普通住宅","商品房住宅","未知","满五年","浦东","康桥","墅外金柳湾新贵居","川周公路2828弄2-62号(双号)","False","True","False","False","False","False","False",1200
"228","666d95592f1fc60588d817ae","高杨佳苑 南向采光好 满五 商业配套齐全 医疗配套成熟","https://shanghai.anjuke.com/prop/view/S3049421349691401",1,1,1,62,2013,24,1062,40,1.1,56960,"简单装修","低层","普通住宅","商品房住宅","70年产权","满五年","宝山","高境","高杨佳苑","恒高路127弄1-13号","True","False","True","False","False","False","False",350
"229","666d77342f1fc60588d7cd68","紧凑型三居室  户型方正，环境好，靠近地铁有轨电车","https://shanghai.anjuke.com/prop/view/S3175976604393472",3,1,1,75,1992,6,774,30,0.8,27924,"简单装修","中层","普通住宅","商品房住宅","70年产权","满五年","松江","松江老城","人乐一村","人乐一村1-44号","False","True","True","False","False","False","False",203
"230","666d26f0dacf8deaac141e50","三林 精装可拎包入住 南向采光好 交通便利 高楼层采光充足","https://shanghai.anjuke.com/prop/view/S3356617382650894",2,1,1,70,2010,6,1884,35,0.8,71411,"精装修","高层","普通住宅","商品房住宅","未知","未知","浦东","三林","博学家园","杨南路1899弄","True","False","True","False","False","False","False",538
"231","666db7312f1fc60588d86a18","南苑东五村 精装修 中间楼层 一梯两户 双南户型 干净清爽","https://shanghai.anjuke.com/prop/view/S3574868432184320",2,2,1,80,1995,6,204,20,1.1,20679,"精装修","中层","普通住宅","商品房住宅","70年产权","满五年","嘉定","嘉定城区","凤池社区南苑五村(1-17号)","南苑五村1-17号","True","False","False","True","False","False","False",200
"232","666d5a60dacf8deaac1481ac","禹洲商业广场1室0厅0卫","https://shanghai.anjuke.com/prop/view/R3342502084598798",1,0,0,45,2015,19,876,25,3.5,12931,"精装修","低层","商住楼","商品房住宅","未知","未知","浦东","惠南","禹洲商业广场","沪南公路9936弄,沪南公路9928号,沪南公路9900号","False","False","False","False","False","False","False",69
"233","666e0bbd2f1fc60588d8ed03","小户型丨精装修丨普宅满五丨可改两室","https://shanghai.anjuke.com/prop/view/S3244374235488270",1,1,1,65,2007,11,1958,50,1.85,94181,"精装修","低层","普通住宅","商品房住宅","70年产权","未知","杨浦","黄兴","佳龙花园","营口路600弄","True","False","True","False","False","False","False",558
"234","666d2b33dacf8deaac14274f","张江电梯房，真正全明两室，四十万，精装，中间好楼层，出行方便","https://shanghai.anjuke.com/prop/view/S3576596718051328",2,1,1,61,2012,14,2396,30,0.45,56764,"精装修","中层","普通住宅","商品房住宅","70年产权","满五年","浦东","张江","玉兰香苑(四期)","张东路2281弄","False","True","True","False","False","False","False",398
"235","666d51d3dacf8deaac1470ad","沪上新规）刚来沪可购，来电12W到手两房，带产证交易送精装修","https://shanghai.anjuke.com/prop/view/S3048168141743104",2,1,1,19,2018,18,1120,20,2.8,28643,"豪华装修","中层","公寓","商住两用","50年产权","满五年","浦东","川沙","绿地云悦坊","川图路300号","False","True","True","False","True","False","False",50
"236","666e09b62f1fc60588d8ea02","房东出国急售，看房随时，税费各付，送车位，交通便利，手慢无！","https://shanghai.anjuke.com/prop/view/S3529256690590733",2,2,1,123,2002,21,452,45,1.15,71438,"精装修","中层","普通住宅","商品房住宅","70年产权","满五年","普陀","长寿路","云都苑","西康路1277弄","False","True","True","False","False","False","False",710
"237","666e09d02f1fc60588d8ea37","闸北公园1号线延长路嘉利明珠城2房 高楼层视野好 满五年","https://shanghai.anjuke.com/prop/view/S3557531038835713",2,2,1,97,2005,35,2685,40,1.65,87919,"精装修","高层","普通住宅","商品房住宅","70年产权","满五年","静安","闸北公园","嘉利明珠城","平型关路377弄","True","False","True","False","False","False","False",766
"238","666f21b778fe02f6bf54df26","华宁路地铁口50米，双楠精装修，中间楼层，小区C位，方便看房","https://shanghai.anjuke.com/prop/view/S3570563632028674",2,1,1,67,2000,6,3389,35,1,28646,"精装修","中层","普通住宅","商品房住宅","70年产权","满五年","闵行","老闵行","红旗小区","华宁路191弄,华宁路189号,景谷路135弄","True","False","True","False","True","False","False",200
"239","666da9ab2f1fc60588d848e9","宁怡苑 高楼层视野无遮挡 交通便捷 购物方便 低容积 近地铁","https://shanghai.anjuke.com/prop/view/S3058545320091660",3,2,1,131,2006,6,647,36,0.7,44453,"简单装修","高层","普通住宅","商品房住宅","70年产权","未知","浦东","康桥","宁怡苑","秀沿路2875弄1-53号","True","False","True","False","False","False","False",550
"240","666df1592f1fc60588d8c741","长风新上，南北通两房，房东急抛，近地铁，送车位，看房约！","https://shanghai.anjuke.com/prop/view/S3422989651778572",2,2,1,90,1995,6,1085,34,0.55,67531,"简单装修","高层","普通住宅","商品房住宅","70年产权","满五年","普陀","长风","星风花苑","怒江路30弄1-46号","False","True","True","False","False","False","False",598
"241","666ed30b645d03ce6353ac46","loft复式！整栋居住带露台！朝南高采光户型！诚意出售带车位","https://shanghai.anjuke.com/prop/view/S3454285295229955",2,2,1,59,2015,19,377,20,5.8,36934,"精装修","高层","公寓","商住两用","70年产权","满五年","浦东","金桥","新紫茂国际","巨峰路1058弄","True","False","True","False","False","True","False",190
"242","666da77d2f1fc60588d8437a","保利叶上海(三期公寓住宅)俯视顾村公园丨看东方明珠丨店长力荐","https://shanghai.anjuke.com/prop/view/S3270731167409152",3,2,2,93,2012,33,688,40.5,1.9,50824,"精装修","高层","普通住宅","商品房住宅","未知","满五年","宝山","顾村","保利叶上海(三期公寓住宅)","菊联路262弄","False","True","False","True","False","False","False",535
"243","666dd7542f1fc60588d89f33","南北通透 低容积 有电梯 临地铁 满五   正规商品房","https://shanghai.anjuke.com/prop/view/S3350907841455104",4,3,3,340,2012,3,222,35,2.4,67532,"精装修","全层","别墅","商品房住宅","70年产权","满五年","嘉定","嘉定新城","龙湖郦城(西区别墅)","双单路1509弄","False","True","True","False","False","False","False",1408
"244","666d88012f1fc60588d7f6ed","房东急售，满五  ，税费低，产权清晰，南北通透，价格可小刀","https://shanghai.anjuke.com/prop/view/S3434310349038592",2,1,1,86,2010,10,701,50,0.8,35556,"精装修","中层","普通住宅","商品房住宅","未知","未知","松江","松江新城","檀香花苑(公寓住宅)","新松江路1188弄","True","False","False","False","False","False","False",254
"245","666f45be742114de41d9c742","中间楼层 购物方便 南北通透 产权清晰 精装可拎包入住","https://shanghai.anjuke.com/prop/view/S3580233025610765",3,2,2,124,2005,6,498,40,0.8,26313,"精装修","中层","普通住宅","商品房住宅","70年产权","满五年","嘉定","安亭","博泰景苑","和静路1585弄","False","True","True","False","False","False","False",300
"246","666ec99a645d03ce6353a027","南北通透 有电梯 装修好 双卫 满二 次新房 居家自住","https://shanghai.anjuke.com/prop/view/S3566510185045000",3,2,2,97,2020,16,1244,35,1.93,34673,"精装修","低层","普通住宅","商品房住宅","未知","满二年","宝山","罗泾","招商主城","萧云路88弄","False","True","False","True","False","False","False",299
"247","666d69b82f1fc60588d7b285","经典三房两厅，满五  少税。业主自住诚意出售，全明户型无遮挡","https://shanghai.anjuke.com/prop/view/S3588725861736455",3,2,1,92,2009,6,887,55,0.5,42735,"精装修","低层","普通住宅","动迁配套房","70年产权","满五年","闵行","浦江","景舒苑一村","浦秀路359弄","False","True","False","False","False","False","False",380
"248","666d33b5dacf8deaac143815","三年出一套正规商品复试丨仰望双子塔丨送露台阳光房丨可拎包入住","https://shanghai.anjuke.com/prop/view/S3468337678803980",1,2,1,66,2003,6,1650,40,0.55,50286,"精装修","高层","普通住宅","商品房住宅","70年产权","满五年","浦东","张江","春港丽园","益丰路55弄","False","True","True","False","False","False","False",330
"249","666e0d032f1fc60588d8eeaf","新上市创古旁次新电梯中高区景观边套全明户型","https://shanghai.anjuke.com/prop/view/S3126108956811268",2,1,1,67,2016,35,943,30,1,75269,"精装修","低层","普通住宅","商品房住宅","70年产权","满五年","杨浦","杨浦大桥","农房万丰公寓","宁武路445弄","True","False","True","False","False","False","False",438
"250","666f278478fe02f6bf54e2f3","中邦城市精装修3房 企业力荐好房诚意出售 看中价格可谈","https://shanghai.anjuke.com/prop/view/S3343943622122496",3,2,2,129,2006,16,1794,35,2.5,64111,"精装修","中层","普通住宅","商品房住宅","70年产权","未知","浦东","康桥","中邦城市","秀沿路867弄","True","False","True","False","False","False","False",815
"251","666de6ea2f1fc60588d8b7e1","主卧朝南，小区中心位置，厨卫朝北，小区景观位置","https://shanghai.anjuke.com/prop/view/S3048205534209029",3,2,1,96,2012,32,1544,35,2.5,118563,"精装修","中层","普通住宅","商品房住宅","70年产权","未知","静安","大宁","上海滩大宁城(公寓住宅)","中山北路899弄","True","False","True","False","False","False","False",1080
"252","666d2b7edacf8deaac1427e7","大华锦绣华城十五街区 居住密度低 有电梯 近医院 临地铁","https://shanghai.anjuke.com/prop/view/S3231828367810568",2,2,1,89,2015,18,1370,35,3.9,109262,"精装修","高层","普通住宅","商品房住宅","70年产权","满五年","浦东","北蔡","大华锦绣华城十五街区","成山路1488弄","True","False","True","False","False","False","False",939
"253","666f494f742114de41d9c99e","购物方便 交通便捷 满五   高楼层采光充足 刚需两居","https://shanghai.anjuke.com/prop/view/S3423164112542729",2,1,1,86,1996,6,1782,35,0.4,53672,"豪华装修","高层","普通住宅","其它","70年产权","满五年","宝山","大华","大华二村三街坊","大华路693弄1-53号,大华路869弄,大华路781弄","True","False","True","False","False","False","False",395
"254","666d7a0d2f1fc60588d7d4a9","伟业金锦苑二村 正南朝向 中间楼层采光好 高绿化 产权清晰","https://shanghai.anjuke.com/prop/view/S3528454598843398",1,1,1,57,2003,6,1260,45,0.8,58140,"精装修","中层","普通住宅","商品房住宅","未知","未知","浦东","金桥","伟业金锦苑二村","莱阳路880弄","True","False","True","False","False","False","False",330
"255","666daa0b2f1fc60588d849da","复泰华庭 南北通透 商品住宅 大两房 满五   医疗配套成熟","https://shanghai.anjuke.com/prop/view/S3349896260623360",2,2,1,89,2001,6,204,38,0.8,58784,"精装修","低层","普通住宅","商品房住宅","70年产权","满五年","闵行","航华","复泰华庭","航新路408弄","False","True","True","False","False","True","False",435
"256","666d28a0dacf8deaac1421e3","3房，3房，3楼。百联公寓 满五    超低密度 抓紧时间","https://shanghai.anjuke.com/prop/view/S3159800721398794",3,2,1,101,2006,6,132,32,0.78,29534,"精装修","中层","普通住宅","商品房住宅","70年产权","满五年","浦东","航头","百联公寓","富航路105弄","False","True","True","True","False","False","False",250
"257","666ec9f8645d03ce6353a0d6","这装修风格  和时间直接入住了   再次出 售","https://shanghai.anjuke.com/prop/view/S3467334365846531",2,2,1,99,2015,13,1710,35,1.35,34427,"精装修","高层","普通住宅","商品房住宅","70年产权","满五年","松江","松江新城","珠江新城","文诚路888弄","False","True","False","False","False","False","False",380
"258","666d70d32f1fc60588d7bf19","双轨交 洞泾外国语 楼层好位置佳小区环境优美 生活设施齐","https://shanghai.anjuke.com/prop/view/S3049500128076803",3,1,1,84,2016,24,849,30,0.9,32216,"简单装修","低层","普通住宅","动迁配套房","70年产权","满二年","松江","洞泾","塘和家园齐康苑","塘浚路51弄","False","True","False","False","True","False","False",262
"259","666de78d2f1fc60588d8b8c7","同济南北通，保养如新，接受置换诚意，普宅，，契税，诚意卖哦！","https://shanghai.anjuke.com/prop/view/S3215501433119748",2,2,1,82,2016,14,648,35,2.7,55561,"简单装修","低层","普通住宅","商品房住宅","70年产权","满五年","嘉定","南翔","同济融景雅苑","金通路1968弄","False","True","False","True","False","False","False",480
"260","666ddb252f1fc60588d8a668","老静安品质小区，高区采光好，带产权车位，看房方便，出门地铁站","https://shanghai.anjuke.com/prop/view/S3530658469863427",3,2,2,135,2004,28,3602,45,2.45,90748,"精装修","高层","普通住宅","商品房住宅","70年产权","满五年","静安","曹家渡","达安花园","长寿路999弄1-66号","False","True","True","False","False","False","False",1075
"261","666d7a542f1fc60588d7d56a","毛坯房毛坯价！已谈2轮！我是房源维护人！深知心态 有钥匙","https://shanghai.anjuke.com/prop/view/S3521177250585606",3,2,2,123,2010,14,3340,46,1.65,53918,"毛坯","中层","普通住宅","商品房住宅","未知","满五年","松江","九亭","九城湖滨","沪亭北路618弄","False","True","False","False","False","False","False",560
"262","666d6afe2f1fc60588d7b4a3","华康佳苑房龄新 朝南 带电梯 近地铁 诚心出售 价格可议","https://shanghai.anjuke.com/prop/view/S3356793172484099",2,1,1,79,2017,18,1696,35,1.06,37718,"毛坯","低层","普通住宅","商品房住宅","70年产权","满五年","浦东","曹路","金海华城华康佳苑","银峰路676弄","True","False","True","False","False","False","False",279
"263","666d9b952f1fc60588d8262d","带四十平阁楼！出国急售！住友名人花园！海德苑旁","https://shanghai.anjuke.com/prop/view/S3295595881733124",3,2,2,136,2000,6,609,58,0.85,87773,"精装修","高层","普通住宅","商品房住宅","70年产权","满五年","浦东","金杨新村","住友名人花园","张杨路2999弄","False","True","True","False","False","False","False",830
"264","666d9a582f1fc60588d8231d","板楼 购物方便 南北通透 配套齐全 出行方便 中间好楼层","https://shanghai.anjuke.com/prop/view/S3144317873019910",4,2,2,120,2005,6,212,35,0.8,21146,"精装修","中层","普通住宅","商品房住宅","未知","满五年","嘉定","安亭","迎春公寓","阜康西路318弄","False","True","True","True","False","False","False",280
"265","666e1e492f1fc60588d907b6","新上双南两房，诚心出售，拎包入住，满五V1，随时看房，有钥匙","https://shanghai.anjuke.com/prop/view/S3259501526047748",2,2,1,94,2004,12,328,40,1.6,63369,"精装修","中层","普通住宅","商品房住宅","70年产权","满五年","普陀","长征","河滨香景园(公寓住宅)","云岭西路899弄1-72号","False","True","True","True","False","False","False",530
"266","666e086f2f1fc60588d8e842","豪都国际花园 大户型急售刻不容缓 南花园500平 有钥匙","https://shanghai.anjuke.com/prop/view/S3326741778965518",4,2,4,242,2001,2,287,50,1,78299,"精装修","全层","别墅","商品房住宅","70年产权","满五年","青浦","徐泾","上海豪都国际花园(别墅)","沪青平公路1881弄","False","True","False","False","False","False","False",1588
"267","666deb582f1fc60588d8be73","精装两房 带车位 南北通采光好  房源非常   房东急售","https://shanghai.anjuke.com/prop/view/S3049361627750402",2,2,1,87,2015,20,2550,40,2,36511,"精装修","中层","普通住宅","商品房住宅","70年产权","满五年","青浦","华新","西郊半岛名苑","新府中路1331弄","False","True","False","False","True","False","False",305
"268","666d73b42f1fc60588d7c5e3","业主急售！小区花园位置，户型贼拉好，南北通透，采光充足有钥匙","https://shanghai.anjuke.com/prop/view/S3444696278424580",2,2,1,84,1997,6,894,32,1.1,46033,"简单装修","低层","普通住宅","动迁配套房","70年产权","满五年","浦东","金桥","东陆新村三街坊","凌河路188弄","False","True","True","False","False","False","False",358
"269","666ebe34645d03ce63538e51","笋盘师大精装三房 领包入住 花园位置 带固定车位 接受置换","https://shanghai.anjuke.com/prop/view/S3120097637834757",3,1,1,70,1993,6,1237,30,0.5,59042,"精装修","低层","普通住宅","商品房住宅","70年产权","满五年","徐汇","上海师大","长兴坊","桂林西街15弄1-85号","True","False","True","False","False","False","False",428
"270","666e08c62f1fc60588d8e890","崇文园 大两房 近医院 商业配套成熟 产权清晰 满五","https://shanghai.anjuke.com/prop/view/S3578026742194179",2,2,1,98,2004,14,442,35,1.7,86150,"精装修","低层","普通住宅","商品房住宅","未知","满五年","静安","闸北公园","崇文园","平型关路680弄","True","False","True","False","False","False","False",868
"271","666dd43e2f1fc60588d89951","双轨交，中高楼层，随时看房，诚心出售，业主跟我买了新房诚心卖","https://shanghai.anjuke.com/prop/view/S3575972979645448",3,2,2,103,2015,33,714,35,2.1,40518,"精装修","高层","普通住宅","其它","70年产权","满五年","嘉定","菊园新区","日月光伯爵天地鼎固君庭","皇庆路88弄","True","False","True","False","False","False","False",390
"272","666d9b762f1fc60588d825c8","采光刺眼大三房，二手买进满五税少，带产权车位，正对小区花园","https://shanghai.anjuke.com/prop/view/S3199818055932934",3,2,1,109,2005,6,864,51,0.6,40273,"精装修","中层","普通住宅","商品房住宅","70年产权","满五年","宝山","共富新村","鑫鑫花园","联谊路501弄","False","True","True","False","False","False","False",369
"273","666f0ee978fe02f6bf54ce4a","真实可看！双拼别墅！精装修！业主卖掉回香港！急抛！","https://shanghai.anjuke.com/prop/view/S3345194174700558",4,2,3,245,1997,3,206,75,4.5,118006,"精装修","未知","普通住宅","商品房住宅","70年产权","满五年","长宁","西郊公园","虹桥中华园(别墅)","虹桥路2388弄","False","True","True","False","False","False","False",2900
"274","666dfddd2f1fc60588d8d941","全南两房，视野开阔，价格空间大","https://shanghai.anjuke.com/prop/view/S3464613761934338",2,2,1,89,2006,17,698,50,1.75,85024,"精装修","高层","普通住宅","商品房住宅","未知","未知","普陀","万里城","达安春之声花园(东区)","水泉路88弄","True","False","True","False","False","False","False",670
"275","666f4288742114de41d9c53a","看房买房找651弄门口小汤，业主熟悉，价格美丽","https://shanghai.anjuke.com/prop/view/S3498297863920648",2,2,1,79,1998,6,2067,20,0.7,65688,"简单装修","低层","普通住宅","商品房住宅","70年产权","满五年","徐汇","上海南站","华东花苑","罗城路799弄,龙川北路498弄,龙川北路436弄,罗城路651弄","True","False","True","False","False","False","False",540
"276","666d4418dacf8deaac1457f9","一房价格买两房，带大露台，配套成熟，一梯两户，纯毛坯带车位","https://shanghai.anjuke.com/prop/view/S3396609678352388",1,1,1,51,2000,6,336,30,0.5,51747,"毛坯","高层","普通住宅","商品房住宅","70年产权","满五年","浦东","三林","香樟苑(北苑)","海阳路1065弄1-28号","False","True","True","False","False","False","False",270
"277","666f289c78fe02f6bf54e3a5","调价  ！小区中间位置，中间楼层，门口商超，近地铁，带车位","https://shanghai.anjuke.com/prop/view/S3058652948325385",4,2,2,135,2020,10,174,35,6.9,84866,"精装修","低层","普通住宅","商品房住宅","70年产权","未知","浦东","康桥","东原印柒雅(公寓住宅)","沪南路3217弄","False","True","True","True","False","False","True",1140
"278","666e08cb2f1fc60588d8e89a","双开间朝南！单5！总5！房间全明全亮！！！价格还能砍！！！","https://shanghai.anjuke.com/prop/view/S3420952960738316",2,1,1,81,2010,18,1334,35,1.2,71028,"简单装修","中层","普通住宅","商品房住宅","70年产权","未知","杨浦","黄兴","益晖新苑","安图路18弄","True","False","True","False","False","False","True",516
"279","666ddca32f1fc60588d8a8b2","新出笋盘（已买急售）板式大平层！附赠产权车位！品质小区！","https://shanghai.anjuke.com/prop/view/S3048170961084419",3,2,2,141,2000,24,674,40,2.1,103952,"精装修","中层","普通住宅","商品房住宅","未知","满五年","徐汇","徐家汇","四季园","东安路149弄1-8号","False","True","True","False","True","False","False",1068
"280","666e075e2f1fc60588d8e691","满五年，高楼层，前后无遮挡，南北户型，交通便捷 临地铁","https://shanghai.anjuke.com/prop/view/S3448642343461890",2,2,1,103,2007,12,1344,40,2,85837,"精装修","中层","普通住宅","商品房住宅","70年产权","满五年","杨浦","新江湾城","新江湾城雍景苑","政悦路500弄","False","True","True","False","False","False","False",810
"281","666d7de32f1fc60588d7de2e","小盘子实勘VR品质好房业主急售价格好谈有钥匙看房方便拒绝虚假","https://shanghai.anjuke.com/prop/view/S3441551079317504",1,1,1,52,2012,4,3106,30,2,29467,"毛坯","未知","普通住宅","动迁配套房","70年产权","满五年","浦东","祝桥","祝安苑","祝潘公路301弄","True","False","False","False","False","False","False",146
"282","666d31f0dacf8deaac14348e","三杨新村二街坊 满五   南北通透 中间楼层采光好","https://shanghai.anjuke.com/prop/view/S3588619763294218",2,2,1,78,2013,15,531,35,1.2,75083,"精装修","中层","普通住宅","商品房住宅","70年产权","满五年","浦东","三林","三杨新村二街坊","板泉路95弄","False","True","True","False","True","False","False",488
"283","666e0ec12f1fc60588d8f138","纵享城市繁华，南北通透版式户型，静安明星小区，满五诚意出售！","https://shanghai.anjuke.com/prop/view/S3587689879624718",2,2,1,91,1999,6,1472,40,1,57144,"精装修","高层","普通住宅","商品房住宅","未知","满五年","静安","彭浦","三泉家园","三泉路999弄","False","True","True","False","False","False","False",500
"284","666d99b82f1fc60588d8217f","急售内环边南北户型电梯两房 满五   近地铁 精装可拎包入住","https://shanghai.anjuke.com/prop/view/S3185457098286086",2,1,1,78,1999,28,800,35,2,56800,"精装修","中层","普通住宅","商品房住宅","70年产权","满五年","浦东","金杨新村","锦绣河山","博山东路20弄1-7号(单)","False","True","True","False","False","False","False",400
"285","666d456ddacf8deaac145a92","中虹家园1室1厅1卫","https://shanghai.anjuke.com/prop/view/R3519144112610311",1,1,1,51,2011,14,2760,30,1.06,41002,"精装修","高层","普通住宅","商品房住宅","未知","未知","浦东","曹路","中虹家园","海鸣路98弄","False","False","False","False","False","False","False",209
"286","666dfc282f1fc60588d8d696","业主诚意卖，看房方便，有一个产权车位","https://shanghai.anjuke.com/prop/view/S3379627159018503",3,2,3,184,2016,12,880,35.4,3.8,101520,"精装修","中层","普通住宅","商品房住宅","70年产权","满五年","普陀","长风","上河湾","千阳南路88弄","False","True","True","True","False","False","False",1650
"287","666ec798645d03ce63539d36","临近地铁 飞机户型 南北通透 超高性价比 物有所值","https://shanghai.anjuke.com/prop/view/S3488600033255427",3,2,2,136,2006,6,1171,35,0.5,34162,"精装修","中层","普通住宅","商品房住宅","70年产权","满五年","松江","松江新城","祥和花苑(公寓住宅)","谷阳北路1066弄","False","True","True","False","False","False","False",415
"288","666dfbad2f1fc60588d8d5de","商圈成熟 南北通透 板楼 环境优美 双卫格局 精装可拎包入住","https://shanghai.anjuke.com/prop/view/S3546142031944705",3,2,2,151,2003,12,448,54.4,2.1,100604,"精装修","低层","普通住宅","其它","70年产权","满五年","徐汇","万体馆","宏润国际花园(西区)","漕东支路218弄","False","True","True","False","False","False","False",1550
"289","666d22badacf8deaac14157f","良友大厦，错过只能去后悔，失去不能拥有","https://shanghai.anjuke.com/prop/view/S3172644976040973",2,1,1,75,2015,28,560,30,0.85,57291,"精装修","中层","公寓","商住两用","50年产权","满五年","浦东","八佰伴","良友大厦","商城路618号","True","False","True","False","False","False","False",396
"290","666ebc86645d03ce63538c30","高楼层采光充足 刚需两居 南北通透 精装修 带电梯 商品住宅","https://shanghai.anjuke.com/prop/view/S3495511136527375",2,2,1,106,2003,24,210,20,1.5,89302,"精装修","高层","普通住宅","商品房住宅","70年产权","满五年","静安","曹家渡","鸿力鸿鹄公寓","万春街162弄56支弄28-30号(双)","False","True","True","False","False","False","False",910
"291","666dea8c2f1fc60588d8bd48","南翔品质小区，满五年带车位，采光好湖景房","https://shanghai.anjuke.com/prop/view/S3339890832138241",3,2,2,130,2012,35,655,35,4,61714,"精装修","低层","普通住宅","其它","70年产权","满五年","嘉定","南翔","华润中央公园(四期公寓住宅)","浩翔路98弄","True","False","True","False","False","False","False",900
"292","666ed6cd645d03ce6353b00c","华钜二期精装修景观三房，工商  和二中，带租赁车位，有钥匙！","https://shanghai.anjuke.com/prop/view/S3574988462990345",3,2,1,91,2013,18,783,40,1.6,37595,"精装修","高层","普通住宅","商品房住宅","70年产权","满五年","浦东","惠南","华钜御庭(二期公寓住宅)","拱北路289弄29支弄","False","True","True","False","False","False","False",346
"293","666dad2f2f1fc60588d85103","近71路 小区出入方便 低楼层采光好 南北通透 产权清晰","https://shanghai.anjuke.com/prop/view/S3488533004753926",2,1,1,58,1995,6,870,25,0.8,42842,"简单装修","低层","普通住宅","商品房住宅","70年产权","满五年","闵行","航华","天一小区","航东路750弄","False","True","True","False","False","False","False",200
"294","666d335bdacf8deaac143778","华侨城二期大平层，总高4楼的3楼，赠送30平阳台，直属委托。","https://shanghai.anjuke.com/prop/view/S3155828607785987",3,2,2,177,2012,4,1937,30,2.7,76277,"精装修","未知","普通住宅","商品房住宅","70年产权","满五年","闵行","浦江","浦江华侨城(二期公寓住宅)","浦锦路1658弄,江栀路500弄","False","True","False","False","False","False","False",1300
"295","666dd9cc2f1fc60588d8a3a2","房东上门下调50万急抛！   府  近十七号地铁沿线 有钥匙","https://shanghai.anjuke.com/prop/view/S3149789882982409",2,2,1,95,2005,6,946,20,2,28715,"精装修","低层","普通住宅","商品房住宅","70年产权","满五年","青浦","青浦新城","绿谷馨都西部花苑(二区)","城中西路448弄1-29号","False","True","False","False","False","False","False",253
"296","666d956f2f1fc60588d817d9","建平九年 三楼 一梯二户南北二房 位置安静 自住精装业主急出","https://shanghai.anjuke.com/prop/view/S3048858356554752",2,1,1,76,2000,6,2152,40,0.65,89960,"精装修","中层","普通住宅","商品房住宅","70年产权","满五年","浦东","金杨新村","黄山始信苑","枣庄路212弄,博山东路555弄,枣庄路210弄,博山东路553弄","False","True","True","False","False","False","False",560
"297","666d9d752f1fc60588d82af9","地铁站旁，1楼带16平超大天井（无违建）满五  ，价格实惠","https://shanghai.anjuke.com/prop/view/S3465992266259471",1,1,1,38,1986,6,1148,22,0.8,35934,"简单装修","低层","普通住宅","商品房住宅","70年产权","满五年","宝山","淞宝","海滨七村","海滨七村1-57号","True","False","True","False","False","False","False",143
"298","666d8a5d2f1fc60588d7fc94","打着灯笼都找不到的这么性价比的双南两房，还在犹豫什么","https://shanghai.anjuke.com/prop/view/S3449999581750284",2,1,1,65,1995,6,240,35,0.5,54842,"精装修","中层","普通住宅","商品房住宅","70年产权","满五年","宝山","大华","大华一村(沪太路1508弄)","沪太路1508弄","False","True","True","False","False","False","False",365
"299","666da7e02f1fc60588d8444b","海滨三村，精装修，2房1厅 ，全明，全明 小区  套","https://shanghai.anjuke.com/prop/view/S3540976720108545",2,1,1,51,1986,6,2473,20,0.8,35674,"精装修","中层","普通住宅","商品房住宅","70年产权","满五年","宝山","淞宝","海滨三村","海滨三村1-97号","True","False","True","False","False","False","False",185
"300","666d5794dacf8deaac147c17","万科城市花园 商品房 中间楼层 产权清晰 低密宜居 购物方便","https://shanghai.anjuke.com/prop/view/S3049225907412994",1,1,1,41,1996,6,4504,40,1.8,63359,"精装修","中层","普通住宅","商品房住宅","70年产权","满五年","闵行","七宝","万科城市花园","七莘路3333弄","False","True","True","False","False","False","False",258
